_time,_raw
2021-09-27T17:01:08.099+08:00,"{""datetime"":""Sep 27 17:01:01"",""host_name"":""promethus "",""sub_name"":""systemd"",""message"":""Started Session 3003 of user root.\"",\""tags\"":[\""beats_input_codec_plain_applied\""]}"",""_raw"":""{\""input\"":{\""type\"":\""log\""},\""agent\"":{\""version\"":\""7.4.0\"",\""id\"":\""8454f5b7-b6e1-414b-a804-beb6717fc6c4\"",\""type\"":\""filebeat\"",\""hostname\"":\""promethus\"",\""ephemeral_id\"":\""f32f567d-1c8d-4ee8-97fe-e07d094a88dd\""},\""ecs\"":{\""version\"":\""1.1.0\""},\""log\"":{\""offset\"":44169,\""file\"":{\""path\"":\""/var/log/messages\""}},\""host\"":{\""name\"":\""promethus\""},\""message\"":\""Sep 27 17:01:01 promethus systemd: Started Session 3003 of user root.\"",\""tags\"":[\""beats_input_codec_plain_applied\""]}"",""datatype"":""centos_message""}
"
2021-09-27T16:19:27.994+08:00,"{""datetime"":""Sep 27 16:19:21"",""host_name"":""promethus "",""sub_name"":""chronyd[797]"",""message"":""Selected source 119.28.183.184\"",\""tags\"":[\""beats_input_codec_plain_applied\""]}"",""_raw"":""{\""input\"":{\""type\"":\""log\""},\""agent\"":{\""hostname\"":\""promethus\"",\""id\"":\""8454f5b7-b6e1-414b-a804-beb6717fc6c4\"",\""type\"":\""filebeat\"",\""version\"":\""7.4.0\"",\""ephemeral_id\"":\""f32f567d-1c8d-4ee8-97fe-e07d094a88dd\""},\""ecs\"":{\""version\"":\""1.1.0\""},\""log\"":{\""offset\"":44098,\""file\"":{\""path\"":\""/var/log/messages\""}},\""host\"":{\""name\"":\""promethus\""},\""message\"":\""Sep 27 16:19:21 promethus chronyd[797]: Selected source 119.28.183.184\"",\""tags\"":[\""beats_input_codec_plain_applied\""]}"",""datatype"":""centos_message""}
"
2021-09-27T16:11:03.706+08:00,"{""datetime"":""Sep 27 16:10:55"",""host_name"":""promethus "",""sub_name"":""NetworkManager[791]"",""message"":""<info>  [1632730255.5755] dhcp4 (ens192):   plen 24 (255.255.255.0)\"",\""tags\"":[\""beats_input_codec_plain_applied\""]}"",""_raw"":""{\""input\"":{\""type\"":\""log\""},\""agent\"":{\""version\"":\""7.4.0\"",\""id\"":\""8454f5b7-b6e1-414b-a804-beb6717fc6c4\"",\""type\"":\""filebeat\"",\""hostname\"":\""promethus\"",\""ephemeral_id\"":\""f32f567d-1c8d-4ee8-97fe-e07d094a88dd\""},\""ecs\"":{\""version\"":\""1.1.0\""},\""log\"":{\""offset\"":42781,\""file\"":{\""path\"":\""/var/log/messages\""}},\""host\"":{\""name\"":\""promethus\""},\""message\"":\""Sep 27 16:10:55 promethus NetworkManager[791]: <info>  [1632730255.5755] dhcp4 (ens192):   plen 24 (255.255.255.0)\"",\""tags\"":[\""beats_input_codec_plain_applied\""]}"",""datatype"":""centos_message""}
"
2021-09-27T16:11:03.706+08:00,"{""datetime"":""Sep 27 16:10:55"",""host_name"":""promethus "",""sub_name"":""dhclient[842]"",""message"":""DHCPACK from 192.168.100.1 (xid=0x47e1373d)\"",\""tags\"":[\""beats_input_codec_plain_applied\""]}"",""_raw"":""{\""input\"":{\""type\"":\""log\""},\""agent\"":{\""type\"":\""filebeat\"",\""id\"":\""8454f5b7-b6e1-414b-a804-beb6717fc6c4\"",\""hostname\"":\""promethus\"",\""version\"":\""7.4.0\"",\""ephemeral_id\"":\""f32f567d-1c8d-4ee8-97fe-e07d094a88dd\""},\""ecs\"":{\""version\"":\""1.1.0\""},\""log\"":{\""offset\"":42582,\""file\"":{\""path\"":\""/var/log/messages\""}},\""host\"":{\""name\"":\""promethus\""},\""message\"":\""Sep 27 16:10:55 promethus dhclient[842]: DHCPACK from 192.168.100.1 (xid=0x47e1373d)\"",\""tags\"":[\""beats_input_codec_plain_applied\""]}"",""datatype"":""centos_message""}
"
2021-09-27T16:11:03.705+08:00,"{""datetime"":""Sep 27 16:10:55"",""host_name"":""promethus "",""sub_name"":""NetworkManager[791]"",""message"":""<info>  [1632730255.5756] dhcp4 (ens192):   nameserver '114.114.114.114'\"",\""tags\"":[\""beats_input_codec_plain_applied\""]}"",""_raw"":""{\""input\"":{\""type\"":\""log\""},\""agent\"":{\""type\"":\""filebeat\"",\""id\"":\""8454f5b7-b6e1-414b-a804-beb6717fc6c4\"",\""hostname\"":\""promethus\"",\""version\"":\""7.4.0\"",\""ephemeral_id\"":\""f32f567d-1c8d-4ee8-97fe-e07d094a88dd\""},\""ecs\"":{\""version\"":\""1.1.0\""},\""log\"":{\""offset\"":43117,\""file\"":{\""path\"":\""/var/log/messages\""}},\""host\"":{\""name\"":\""promethus\""},\""message\"":\""Sep 27 16:10:55 promethus NetworkManager[791]: <info>  [1632730255.5756] dhcp4 (ens192):   nameserver '114.114.114.114'\"",\""tags\"":[\""beats_input_codec_plain_applied\""]}"",""datatype"":""centos_message""}
"
2021-09-27T16:11:03.705+08:00,"{""datetime"":""Sep 27 16:10:55"",""host_name"":""promethus "",""sub_name"":""nm-dispatcher"",""message"":""req:1 'dhcp4-change' [ens192]: start running ordered scripts...\"",\""tags\"":[\""beats_input_codec_plain_applied\""]}"",""_raw"":""{\""input\"":{\""type\"":\""log\""},\""agent\"":{\""version\"":\""7.4.0\"",\""id\"":\""8454f5b7-b6e1-414b-a804-beb6717fc6c4\"",\""type\"":\""filebeat\"",\""hostname\"":\""promethus\"",\""ephemeral_id\"":\""f32f567d-1c8d-4ee8-97fe-e07d094a88dd\""},\""ecs\"":{\""version\"":\""1.1.0\""},\""log\"":{\""offset\"":43993,\""file\"":{\""path\"":\""/var/log/messages\""}},\""host\"":{\""name\"":\""promethus\""},\""message\"":\""Sep 27 16:10:55 promethus nm-dispatcher: req:1 'dhcp4-change' [ens192]: start running ordered scripts...\"",\""tags\"":[\""beats_input_codec_plain_applied\""]}"",""datatype"":""centos_message""}
"
2021-09-27T16:11:03.705+08:00,"{""datetime"":""Sep 27 16:10:55"",""host_name"":""promethus "",""sub_name"":""NetworkManager[791]"",""message"":""<info>  [1632730255.5756] dhcp4 (ens192):   lease time 14400\"",\""tags\"":[\""beats_input_codec_plain_applied\""]}"",""_raw"":""{\""input\"":{\""type\"":\""log\""},\""agent\"":{\""ephemeral_id\"":\""f32f567d-1c8d-4ee8-97fe-e07d094a88dd\"",\""id\"":\""8454f5b7-b6e1-414b-a804-beb6717fc6c4\"",\""hostname\"":\""promethus\"",\""version\"":\""7.4.0\"",\""type\"":\""filebeat\""},\""ecs\"":{\""version\"":\""1.1.0\""},\""log\"":{\""offset\"":43009,\""file\"":{\""path\"":\""/var/log/messages\""}},\""host\"":{\""name\"":\""promethus\""},\""message\"":\""Sep 27 16:10:55 promethus NetworkManager[791]: <info>  [1632730255.5756] dhcp4 (ens192):   lease time 14400\"",\""tags\"":[\""beats_input_codec_plain_applied\""]}"",""datatype"":""centos_message""}
"
2021-09-27T16:11:03.705+08:00,"{""datetime"":""Sep 27 16:10:55"",""host_name"":""promethus "",""sub_name"":""nm-dispatcher"",""message"":""req:1 'dhcp4-change' [ens192]: new request (3 scripts)\"",\""tags\"":[\""beats_input_codec_plain_applied\""]}"",""_raw"":""{\""input\"":{\""type\"":\""log\""},\""agent\"":{\""version\"":\""7.4.0\"",\""id\"":\""8454f5b7-b6e1-414b-a804-beb6717fc6c4\"",\""type\"":\""filebeat\"",\""hostname\"":\""promethus\"",\""ephemeral_id\"":\""f32f567d-1c8d-4ee8-97fe-e07d094a88dd\""},\""ecs\"":{\""version\"":\""1.1.0\""},\""log\"":{\""offset\"":43897,\""file\"":{\""path\"":\""/var/log/messages\""}},\""host\"":{\""name\"":\""promethus\""},\""message\"":\""Sep 27 16:10:55 promethus nm-dispatcher: req:1 'dhcp4-change' [ens192]: new request (3 scripts)\"",\""tags\"":[\""beats_input_codec_plain_applied\""]}"",""datatype"":""centos_message""}
"
2021-09-27T16:11:03.705+08:00,"{""datetime"":""Sep 27 16:10:55"",""host_name"":""promethus "",""sub_name"":""dbus[779]"",""message"":""[system] Activating via systemd: service name='org.freedesktop.nm_dispatcher' unit='dbus-org.freedesktop.nm-dispatcher.service'\"",\""tags\"":[\""beats_input_codec_plain_applied\""]}"",""_raw"":""{\""input\"":{\""type\"":\""log\""},\""agent\"":{\""version\"":\""7.4.0\"",\""id\"":\""8454f5b7-b6e1-414b-a804-beb6717fc6c4\"",\""type\"":\""filebeat\"",\""hostname\"":\""promethus\"",\""ephemeral_id\"":\""f32f567d-1c8d-4ee8-97fe-e07d094a88dd\""},\""ecs\"":{\""version\"":\""1.1.0\""},\""log\"":{\""offset\"":43355,\""file\"":{\""path\"":\""/var/log/messages\""}},\""host\"":{\""name\"":\""promethus\""},\""message\"":\""Sep 27 16:10:55 promethus dbus[779]: [system] Activating via systemd: service name='org.freedesktop.nm_dispatcher' unit='dbus-org.freedesktop.nm-dispatcher.service'\"",\""tags\"":[\""beats_input_codec_plain_applied\""]}"",""datatype"":""centos_message""}
"
2021-09-27T16:11:03.705+08:00,"{""datetime"":""Sep 27 16:10:55"",""host_name"":""promethus "",""sub_name"":""NetworkManager[791]"",""message"":""<info>  [1632730255.5757] dhcp4 (ens192): state changed bound -> bound\"",\""tags\"":[\""beats_input_codec_plain_applied\""]}"",""_raw"":""{\""input\"":{\""type\"":\""log\""},\""agent\"":{\""hostname\"":\""promethus\"",\""id\"":\""8454f5b7-b6e1-414b-a804-beb6717fc6c4\"",\""type\"":\""filebeat\"",\""version\"":\""7.4.0\"",\""ephemeral_id\"":\""f32f567d-1c8d-4ee8-97fe-e07d094a88dd\""},\""ecs\"":{\""version\"":\""1.1.0\""},\""log\"":{\""file\"":{\""path\"":\""/var/log/messages\""},\""offset\"":43237},\""host\"":{\""name\"":\""promethus\""},\""message\"":\""Sep 27 16:10:55 promethus NetworkManager[791]: <info>  [1632730255.5757] dhcp4 (ens192): state changed bound -> bound\"",\""tags\"":[\""beats_input_codec_plain_applied\""]}"",""datatype"":""centos_message""}
"
2021-09-27T16:11:03.705+08:00,"{""datetime"":""Sep 27 16:10:55"",""host_name"":""promethus "",""sub_name"":""dbus[779]"",""message"":""[system] Successfully activated service 'org.freedesktop.nm_dispatcher'\"",\""tags\"":[\""beats_input_codec_plain_applied\""]}"",""_raw"":""{\""input\"":{\""type\"":\""log\""},\""agent\"":{\""version\"":\""7.4.0\"",\""id\"":\""8454f5b7-b6e1-414b-a804-beb6717fc6c4\"",\""type\"":\""filebeat\"",\""hostname\"":\""promethus\"",\""ephemeral_id\"":\""f32f567d-1c8d-4ee8-97fe-e07d094a88dd\""},\""ecs\"":{\""version\"":\""1.1.0\""},\""log\"":{\""offset\"":43702,\""file\"":{\""path\"":\""/var/log/messages\""}},\""host\"":{\""name\"":\""promethus\""},\""message\"":\""Sep 27 16:10:55 promethus dbus[779]: [system] Successfully activated service 'org.freedesktop.nm_dispatcher'\"",\""tags\"":[\""beats_input_codec_plain_applied\""]}"",""datatype"":""centos_message""}
"
2021-09-27T16:11:03.705+08:00,"{""datetime"":""Sep 27 16:10:55"",""host_name"":""promethus "",""sub_name"":""NetworkManager[791]"",""message"":""<info>  [1632730255.5748] dhcp4 (ens192):   address 192.168.100.58\"",\""tags\"":[\""beats_input_codec_plain_applied\""]}"",""_raw"":""{\""input\"":{\""type\"":\""log\""},\""agent\"":{\""type\"":\""filebeat\"",\""id\"":\""8454f5b7-b6e1-414b-a804-beb6717fc6c4\"",\""hostname\"":\""promethus\"",\""version\"":\""7.4.0\"",\""ephemeral_id\"":\""f32f567d-1c8d-4ee8-97fe-e07d094a88dd\""},\""ecs\"":{\""version\"":\""1.1.0\""},\""log\"":{\""file\"":{\""path\"":\""/var/log/messages\""},\""offset\"":42667},\""host\"":{\""name\"":\""promethus\""},\""message\"":\""Sep 27 16:10:55 promethus NetworkManager[791]: <info>  [1632730255.5748] dhcp4 (ens192):   address 192.168.100.58\"",\""tags\"":[\""beats_input_codec_plain_applied\""]}"",""datatype"":""centos_message""}
"
2021-09-27T16:11:03.705+08:00,"{""datetime"":""Sep 27 16:10:55"",""host_name"":""promethus "",""sub_name"":""dhclient[842]"",""message"":""bound to 192.168.100.58 -- renewal in 6607 seconds.\"",\""tags\"":[\""beats_input_codec_plain_applied\""]}"",""_raw"":""{\""input\"":{\""type\"":\""log\""},\""agent\"":{\""version\"":\""7.4.0\"",\""id\"":\""8454f5b7-b6e1-414b-a804-beb6717fc6c4\"",\""type\"":\""filebeat\"",\""hostname\"":\""promethus\"",\""ephemeral_id\"":\""f32f567d-1c8d-4ee8-97fe-e07d094a88dd\""},\""ecs\"":{\""version\"":\""1.1.0\""},\""log\"":{\""file\"":{\""path\"":\""/var/log/messages\""},\""offset\"":43520},\""host\"":{\""name\"":\""promethus\""},\""message\"":\""Sep 27 16:10:55 promethus dhclient[842]: bound to 192.168.100.58 -- renewal in 6607 seconds.\"",\""tags\"":[\""beats_input_codec_plain_applied\""]}"",""datatype"":""centos_message""}
"
2021-09-27T16:11:03.704+08:00,"{""datetime"":""Sep 27 16:10:55"",""host_name"":""promethus "",""sub_name"":""NetworkManager[791]"",""message"":""<info>  [1632730255.5755] dhcp4 (ens192):   gateway 192.168.100.1\"",\""tags\"":[\""beats_input_codec_plain_applied\""]}"",""_raw"":""{\""input\"":{\""type\"":\""log\""},\""agent\"":{\""version\"":\""7.4.0\"",\""id\"":\""8454f5b7-b6e1-414b-a804-beb6717fc6c4\"",\""type\"":\""filebeat\"",\""hostname\"":\""promethus\"",\""ephemeral_id\"":\""f32f567d-1c8d-4ee8-97fe-e07d094a88dd\""},\""ecs\"":{\""version\"":\""1.1.0\""},\""log\"":{\""offset\"":42896,\""file\"":{\""path\"":\""/var/log/messages\""}},\""host\"":{\""name\"":\""promethus\""},\""message\"":\""Sep 27 16:10:55 promethus NetworkManager[791]: <info>  [1632730255.5755] dhcp4 (ens192):   gateway 192.168.100.1\"",\""tags\"":[\""beats_input_codec_plain_applied\""]}"",""datatype"":""centos_message""}
"
2021-09-27T16:11:03.704+08:00,"{""datetime"":""Sep 27 16:10:55"",""host_name"":""promethus "",""sub_name"":""systemd"",""message"":""Starting Network Manager Script Dispatcher Service...\"",\""tags\"":[\""beats_input_codec_plain_applied\""]}"",""_raw"":""{\""input\"":{\""type\"":\""log\""},\""agent\"":{\""type\"":\""filebeat\"",\""id\"":\""8454f5b7-b6e1-414b-a804-beb6717fc6c4\"",\""hostname\"":\""promethus\"",\""version\"":\""7.4.0\"",\""ephemeral_id\"":\""f32f567d-1c8d-4ee8-97fe-e07d094a88dd\""},\""ecs\"":{\""version\"":\""1.1.0\""},\""log\"":{\""offset\"":43613,\""file\"":{\""path\"":\""/var/log/messages\""}},\""host\"":{\""name\"":\""promethus\""},\""message\"":\""Sep 27 16:10:55 promethus systemd: Starting Network Manager Script Dispatcher Service...\"",\""tags\"":[\""beats_input_codec_plain_applied\""]}"",""datatype"":""centos_message""}
"
2021-09-27T16:11:03.704+08:00,"{""datetime"":""Sep 27 16:10:55"",""host_name"":""promethus "",""sub_name"":""dhclient[842]"",""message"":""DHCPREQUEST on ens192 to 192.168.100.1 port 67 (xid=0x47e1373d)\"",\""tags\"":[\""beats_input_codec_plain_applied\""]}"",""_raw"":""{\""input\"":{\""type\"":\""log\""},\""agent\"":{\""hostname\"":\""promethus\"",\""id\"":\""8454f5b7-b6e1-414b-a804-beb6717fc6c4\"",\""type\"":\""filebeat\"",\""version\"":\""7.4.0\"",\""ephemeral_id\"":\""f32f567d-1c8d-4ee8-97fe-e07d094a88dd\""},\""ecs\"":{\""version\"":\""1.1.0\""},\""log\"":{\""file\"":{\""path\"":\""/var/log/messages\""},\""offset\"":42477},\""host\"":{\""name\"":\""promethus\""},\""message\"":\""Sep 27 16:10:55 promethus dhclient[842]: DHCPREQUEST on ens192 to 192.168.100.1 port 67 (xid=0x47e1373d)\"",\""tags\"":[\""beats_input_codec_plain_applied\""]}"",""datatype"":""centos_message""}
"
2021-09-27T16:11:03.704+08:00,"{""datetime"":""Sep 27 16:10:55"",""host_name"":""promethus "",""sub_name"":""systemd"",""message"":""Started Network Manager Script Dispatcher Service.\"",\""tags\"":[\""beats_input_codec_plain_applied\""]}"",""_raw"":""{\""input\"":{\""type\"":\""log\""},\""agent\"":{\""hostname\"":\""promethus\"",\""id\"":\""8454f5b7-b6e1-414b-a804-beb6717fc6c4\"",\""type\"":\""filebeat\"",\""version\"":\""7.4.0\"",\""ephemeral_id\"":\""f32f567d-1c8d-4ee8-97fe-e07d094a88dd\""},\""ecs\"":{\""version\"":\""1.1.0\""},\""log\"":{\""offset\"":43811,\""file\"":{\""path\"":\""/var/log/messages\""}},\""host\"":{\""name\"":\""promethus\""},\""message\"":\""Sep 27 16:10:55 promethus systemd: Started Network Manager Script Dispatcher Service.\"",\""tags\"":[\""beats_input_codec_plain_applied\""]}"",""datatype"":""centos_message""}
"
2021-09-27T16:09:18.036+08:00,"{""datetime"":""Sep 27 16:09:10"",""host_name"":""promethus "",""sub_name"":""systemd-logind"",""message"":""New session 3002 of user root.\"",\""tags\"":[\""beats_input_codec_plain_applied\""]}"",""_raw"":""{\""input\"":{\""type\"":\""log\""},\""agent\"":{\""version\"":\""7.4.0\"",\""id\"":\""8454f5b7-b6e1-414b-a804-beb6717fc6c4\"",\""type\"":\""filebeat\"",\""hostname\"":\""promethus\"",\""ephemeral_id\"":\""f32f567d-1c8d-4ee8-97fe-e07d094a88dd\""},\""ecs\"":{\""version\"":\""1.1.0\""},\""log\"":{\""offset\"":42340,\""file\"":{\""path\"":\""/var/log/messages\""}},\""host\"":{\""name\"":\""promethus\""},\""message\"":\""Sep 27 16:09:10 promethus systemd-logind: New session 3002 of user root.\"",\""tags\"":[\""beats_input_codec_plain_applied\""]}"",""datatype"":""centos_message""}
"
2021-09-27T16:09:18.036+08:00,"{""datetime"":""Sep 27 16:09:10"",""host_name"":""promethus "",""sub_name"":""systemd"",""message"":""Started Session 3002 of user root.\"",\""tags\"":[\""beats_input_codec_plain_applied\""]}"",""_raw"":""{\""input\"":{\""type\"":\""log\""},\""agent\"":{\""version\"":\""7.4.0\"",\""id\"":\""8454f5b7-b6e1-414b-a804-beb6717fc6c4\"",\""type\"":\""filebeat\"",\""hostname\"":\""promethus\"",\""ephemeral_id\"":\""f32f567d-1c8d-4ee8-97fe-e07d094a88dd\""},\""ecs\"":{\""version\"":\""1.1.0\""},\""log\"":{\""offset\"":42270,\""file\"":{\""path\"":\""/var/log/messages\""}},\""host\"":{\""name\"":\""promethus\""},\""message\"":\""Sep 27 16:09:10 promethus systemd: Started Session 3002 of user root.\"",\""tags\"":[\""beats_input_codec_plain_applied\""]}"",""datatype"":""centos_message""}
"
2021-09-27T16:09:18.036+08:00,"{""datetime"":""Sep 27 16:09:11"",""host_name"":""promethus "",""sub_name"":""systemd-logind"",""message"":""Removed session 3002.\"",\""tags\"":[\""beats_input_codec_plain_applied\""]}"",""_raw"":""{\""input\"":{\""type\"":\""log\""},\""agent\"":{\""type\"":\""filebeat\"",\""id\"":\""8454f5b7-b6e1-414b-a804-beb6717fc6c4\"",\""hostname\"":\""promethus\"",\""version\"":\""7.4.0\"",\""ephemeral_id\"":\""f32f567d-1c8d-4ee8-97fe-e07d094a88dd\""},\""ecs\"":{\""version\"":\""1.1.0\""},\""log\"":{\""offset\"":42413,\""file\"":{\""path\"":\""/var/log/messages\""}},\""host\"":{\""name\"":\""promethus\""},\""message\"":\""Sep 27 16:09:11 promethus systemd-logind: Removed session 3002.\"",\""tags\"":[\""beats_input_codec_plain_applied\""]}"",""datatype"":""centos_message""}
"
2021-09-27T16:01:07.743+08:00,"{""datetime"":""Sep 27 16:01:01"",""host_name"":""promethus "",""sub_name"":""systemd"",""message"":""Started Session 3000 of user root.\"",\""tags\"":[\""beats_input_codec_plain_applied\""]}"",""_raw"":""{\""input\"":{\""type\"":\""log\""},\""agent\"":{\""ephemeral_id\"":\""f32f567d-1c8d-4ee8-97fe-e07d094a88dd\"",\""id\"":\""8454f5b7-b6e1-414b-a804-beb6717fc6c4\"",\""hostname\"":\""promethus\"",\""version\"":\""7.4.0\"",\""type\"":\""filebeat\""},\""ecs\"":{\""version\"":\""1.1.0\""},\""log\"":{\""offset\"":42200,\""file\"":{\""path\"":\""/var/log/messages\""}},\""host\"":{\""name\"":\""promethus\""},\""message\"":\""Sep 27 16:01:01 promethus systemd: Started Session 3000 of user root.\"",\""tags\"":[\""beats_input_codec_plain_applied\""]}"",""datatype"":""centos_message""}
"
2021-09-27T15:08:07.717+08:00,"{""datetime"":""Sep 27 15:07:54"",""host_name"":""promethus "",""sub_name"":""systemd"",""message"":""Started Session 2999 of user root.\"",\""tags\"":[\""beats_input_codec_plain_applied\""]}"",""_raw"":""{\""input\"":{\""type\"":\""log\""},\""agent\"":{\""ephemeral_id\"":\""f32f567d-1c8d-4ee8-97fe-e07d094a88dd\"",\""id\"":\""8454f5b7-b6e1-414b-a804-beb6717fc6c4\"",\""hostname\"":\""promethus\"",\""version\"":\""7.4.0\"",\""type\"":\""filebeat\""},\""ecs\"":{\""version\"":\""1.1.0\""},\""log\"":{\""offset\"":41993,\""file\"":{\""path\"":\""/var/log/messages\""}},\""host\"":{\""name\"":\""promethus\""},\""message\"":\""Sep 27 15:07:54 promethus systemd: Started Session 2999 of user root.\"",\""tags\"":[\""beats_input_codec_plain_applied\""]}"",""datatype"":""centos_message""}
"
2021-09-27T15:08:07.717+08:00,"{""datetime"":""Sep 27 15:07:54"",""host_name"":""promethus "",""sub_name"":""systemd-logind"",""message"":""Removed session 2999.\"",\""tags\"":[\""beats_input_codec_plain_applied\""]}"",""_raw"":""{\""input\"":{\""type\"":\""log\""},\""agent\"":{\""version\"":\""7.4.0\"",\""id\"":\""8454f5b7-b6e1-414b-a804-beb6717fc6c4\"",\""type\"":\""filebeat\"",\""hostname\"":\""promethus\"",\""ephemeral_id\"":\""f32f567d-1c8d-4ee8-97fe-e07d094a88dd\""},\""ecs\"":{\""version\"":\""1.1.0\""},\""log\"":{\""offset\"":42136,\""file\"":{\""path\"":\""/var/log/messages\""}},\""host\"":{\""name\"":\""promethus\""},\""message\"":\""Sep 27 15:07:54 promethus systemd-logind: Removed session 2999.\"",\""tags\"":[\""beats_input_codec_plain_applied\""]}"",""datatype"":""centos_message""}
"
2021-09-27T15:08:07.717+08:00,"{""datetime"":""Sep 27 15:07:54"",""host_name"":""promethus "",""sub_name"":""systemd-logind"",""message"":""New session 2999 of user root.\"",\""tags\"":[\""beats_input_codec_plain_applied\""]}"",""_raw"":""{\""input\"":{\""type\"":\""log\""},\""agent\"":{\""hostname\"":\""promethus\"",\""id\"":\""8454f5b7-b6e1-414b-a804-beb6717fc6c4\"",\""type\"":\""filebeat\"",\""version\"":\""7.4.0\"",\""ephemeral_id\"":\""f32f567d-1c8d-4ee8-97fe-e07d094a88dd\""},\""ecs\"":{\""version\"":\""1.1.0\""},\""log\"":{\""file\"":{\""path\"":\""/var/log/messages\""},\""offset\"":42063},\""host\"":{\""name\"":\""promethus\""},\""message\"":\""Sep 27 15:07:54 promethus systemd-logind: New session 2999 of user root.\"",\""tags\"":[\""beats_input_codec_plain_applied\""]}"",""datatype"":""centos_message""}
"
2021-09-27T15:06:03.137+08:00,"{""datetime"":""Sep 27 15:05:56"",""host_name"":""promethus "",""sub_name"":""systemd"",""message"":""Starting Cleanup of Temporary Directories...\"",\""tags\"":[\""beats_input_codec_plain_applied\""]}"",""_raw"":""{\""input\"":{\""type\"":\""log\""},\""agent\"":{\""type\"":\""filebeat\"",\""id\"":\""8454f5b7-b6e1-414b-a804-beb6717fc6c4\"",\""hostname\"":\""promethus\"",\""version\"":\""7.4.0\"",\""ephemeral_id\"":\""f32f567d-1c8d-4ee8-97fe-e07d094a88dd\""},\""ecs\"":{\""version\"":\""1.1.0\""},\""log\"":{\""file\"":{\""path\"":\""/var/log/messages\""},\""offset\"":41836},\""host\"":{\""name\"":\""promethus\""},\""message\"":\""Sep 27 15:05:56 promethus systemd: Starting Cleanup of Temporary Directories...\"",\""tags\"":[\""beats_input_codec_plain_applied\""]}"",""datatype"":""centos_message""}
"
2021-09-27T15:06:03.137+08:00,"{""datetime"":""Sep 27 15:05:56"",""host_name"":""promethus "",""sub_name"":""systemd"",""message"":""Started Cleanup of Temporary Directories.\"",\""tags\"":[\""beats_input_codec_plain_applied\""]}"",""_raw"":""{\""input\"":{\""type\"":\""log\""},\""agent\"":{\""ephemeral_id\"":\""f32f567d-1c8d-4ee8-97fe-e07d094a88dd\"",\""id\"":\""8454f5b7-b6e1-414b-a804-beb6717fc6c4\"",\""hostname\"":\""promethus\"",\""version\"":\""7.4.0\"",\""type\"":\""filebeat\""},\""ecs\"":{\""version\"":\""1.1.0\""},\""log\"":{\""offset\"":41916,\""file\"":{\""path\"":\""/var/log/messages\""}},\""host\"":{\""name\"":\""promethus\""},\""message\"":\""Sep 27 15:05:56 promethus systemd: Started Cleanup of Temporary Directories.\"",\""tags\"":[\""beats_input_codec_plain_applied\""]}"",""datatype"":""centos_message""}
"
2021-09-27T15:01:07.825+08:00,"{""datetime"":""Sep 27 15:01:02"",""host_name"":""promethus "",""sub_name"":""systemd"",""message"":""Started Session 2998 of user root.\"",\""tags\"":[\""beats_input_codec_plain_applied\""]}"",""_raw"":""{\""input\"":{\""type\"":\""log\""},\""agent\"":{\""hostname\"":\""promethus\"",\""id\"":\""8454f5b7-b6e1-414b-a804-beb6717fc6c4\"",\""type\"":\""filebeat\"",\""version\"":\""7.4.0\"",\""ephemeral_id\"":\""f32f567d-1c8d-4ee8-97fe-e07d094a88dd\""},\""ecs\"":{\""version\"":\""1.1.0\""},\""log\"":{\""offset\"":41766,\""file\"":{\""path\"":\""/var/log/messages\""}},\""host\"":{\""name\"":\""promethus\""},\""message\"":\""Sep 27 15:01:02 promethus systemd: Started Session 2998 of user root.\"",\""tags\"":[\""beats_input_codec_plain_applied\""]}"",""datatype"":""centos_message""}
"
2021-09-27T14:35:17.944+08:00,"{""datetime"":""Sep 27 14:35:05"",""host_name"":""promethus "",""sub_name"":""nm-dispatcher"",""message"":""req:1 'dhcp4-change' [ens192]: new request (3 scripts)\"",\""tags\"":[\""beats_input_codec_plain_applied\""]}"",""_raw"":""{\""input\"":{\""type\"":\""log\""},\""agent\"":{\""version\"":\""7.4.0\"",\""id\"":\""8454f5b7-b6e1-414b-a804-beb6717fc6c4\"",\""type\"":\""filebeat\"",\""hostname\"":\""promethus\"",\""ephemeral_id\"":\""f32f567d-1c8d-4ee8-97fe-e07d094a88dd\""},\""ecs\"":{\""version\"":\""1.1.0\""},\""log\"":{\""offset\"":41565,\""file\"":{\""path\"":\""/var/log/messages\""}},\""host\"":{\""name\"":\""promethus\""},\""message\"":\""Sep 27 14:35:05 promethus nm-dispatcher: req:1 'dhcp4-change' [ens192]: new request (3 scripts)\"",\""tags\"":[\""beats_input_codec_plain_applied\""]}"",""datatype"":""centos_message""}
"
2021-09-27T14:35:17.944+08:00,"{""datetime"":""Sep 27 14:35:05"",""host_name"":""promethus "",""sub_name"":""dhclient[842]"",""message"":""DHCPACK from 192.168.100.1 (xid=0x47e1373d)\"",\""tags\"":[\""beats_input_codec_plain_applied\""]}"",""_raw"":""{\""input\"":{\""type\"":\""log\""},\""agent\"":{\""hostname\"":\""promethus\"",\""id\"":\""8454f5b7-b6e1-414b-a804-beb6717fc6c4\"",\""type\"":\""filebeat\"",\""version\"":\""7.4.0\"",\""ephemeral_id\"":\""f32f567d-1c8d-4ee8-97fe-e07d094a88dd\""},\""ecs\"":{\""version\"":\""1.1.0\""},\""log\"":{\""offset\"":40250,\""file\"":{\""path\"":\""/var/log/messages\""}},\""host\"":{\""name\"":\""promethus\""},\""message\"":\""Sep 27 14:35:05 promethus dhclient[842]: DHCPACK from 192.168.100.1 (xid=0x47e1373d)\"",\""tags\"":[\""beats_input_codec_plain_applied\""]}"",""datatype"":""centos_message""}
"
2021-09-27T14:35:17.944+08:00,"{""datetime"":""Sep 27 14:35:05"",""host_name"":""promethus "",""sub_name"":""NetworkManager[791]"",""message"":""<info>  [1632724505.7974] dhcp4 (ens192):   gateway 192.168.100.1\"",\""tags\"":[\""beats_input_codec_plain_applied\""]}"",""_raw"":""{\""input\"":{\""type\"":\""log\""},\""agent\"":{\""hostname\"":\""promethus\"",\""id\"":\""8454f5b7-b6e1-414b-a804-beb6717fc6c4\"",\""type\"":\""filebeat\"",\""version\"":\""7.4.0\"",\""ephemeral_id\"":\""f32f567d-1c8d-4ee8-97fe-e07d094a88dd\""},\""ecs\"":{\""version\"":\""1.1.0\""},\""log\"":{\""offset\"":40564,\""file\"":{\""path\"":\""/var/log/messages\""}},\""host\"":{\""name\"":\""promethus\""},\""message\"":\""Sep 27 14:35:05 promethus NetworkManager[791]: <info>  [1632724505.7974] dhcp4 (ens192):   gateway 192.168.100.1\"",\""tags\"":[\""beats_input_codec_plain_applied\""]}"",""datatype"":""centos_message""}
"
2021-09-27T14:35:17.941+08:00,"{""datetime"":""Sep 27 14:35:05"",""host_name"":""promethus "",""sub_name"":""dbus[779]"",""message"":""[system] Activating via systemd: service name='org.freedesktop.nm_dispatcher' unit='dbus-org.freedesktop.nm-dispatcher.service'\"",\""tags\"":[\""beats_input_codec_plain_applied\""]}"",""_raw"":""{\""input\"":{\""type\"":\""log\""},\""agent\"":{\""ephemeral_id\"":\""f32f567d-1c8d-4ee8-97fe-e07d094a88dd\"",\""id\"":\""8454f5b7-b6e1-414b-a804-beb6717fc6c4\"",\""hostname\"":\""promethus\"",\""version\"":\""7.4.0\"",\""type\"":\""filebeat\""},\""ecs\"":{\""version\"":\""1.1.0\""},\""log\"":{\""offset\"":41023,\""file\"":{\""path\"":\""/var/log/messages\""}},\""host\"":{\""name\"":\""promethus\""},\""message\"":\""Sep 27 14:35:05 promethus dbus[779]: [system] Activating via systemd: service name='org.freedesktop.nm_dispatcher' unit='dbus-org.freedesktop.nm-dispatcher.service'\"",\""tags\"":[\""beats_input_codec_plain_applied\""]}"",""datatype"":""centos_message""}
"
2021-09-27T14:35:17.941+08:00,"{""datetime"":""Sep 27 14:35:05"",""host_name"":""promethus "",""sub_name"":""systemd"",""message"":""Starting Network Manager Script Dispatcher Service...\"",\""tags\"":[\""beats_input_codec_plain_applied\""]}"",""_raw"":""{\""input\"":{\""type\"":\""log\""},\""agent\"":{\""hostname\"":\""promethus\"",\""id\"":\""8454f5b7-b6e1-414b-a804-beb6717fc6c4\"",\""type\"":\""filebeat\"",\""version\"":\""7.4.0\"",\""ephemeral_id\"":\""f32f567d-1c8d-4ee8-97fe-e07d094a88dd\""},\""ecs\"":{\""version\"":\""1.1.0\""},\""log\"":{\""offset\"":41281,\""file\"":{\""path\"":\""/var/log/messages\""}},\""host\"":{\""name\"":\""promethus\""},\""message\"":\""Sep 27 14:35:05 promethus systemd: Starting Network Manager Script Dispatcher Service...\"",\""tags\"":[\""beats_input_codec_plain_applied\""]}"",""datatype"":""centos_message""}
"
2021-09-27T14:35:17.941+08:00,"{""datetime"":""Sep 27 14:35:05"",""host_name"":""promethus "",""sub_name"":""systemd"",""message"":""Started Network Manager Script Dispatcher Service.\"",\""tags\"":[\""beats_input_codec_plain_applied\""]}"",""_raw"":""{\""input\"":{\""type\"":\""log\""},\""agent\"":{\""version\"":\""7.4.0\"",\""id\"":\""8454f5b7-b6e1-414b-a804-beb6717fc6c4\"",\""type\"":\""filebeat\"",\""hostname\"":\""promethus\"",\""ephemeral_id\"":\""f32f567d-1c8d-4ee8-97fe-e07d094a88dd\""},\""ecs\"":{\""version\"":\""1.1.0\""},\""log\"":{\""file\"":{\""path\"":\""/var/log/messages\""},\""offset\"":41479},\""host\"":{\""name\"":\""promethus\""},\""message\"":\""Sep 27 14:35:05 promethus systemd: Started Network Manager Script Dispatcher Service.\"",\""tags\"":[\""beats_input_codec_plain_applied\""]}"",""datatype"":""centos_message""}
"
2021-09-27T14:35:17.938+08:00,"{""datetime"":""Sep 27 14:35:05"",""host_name"":""promethus "",""sub_name"":""NetworkManager[791]"",""message"":""<info>  [1632724505.7975] dhcp4 (ens192):   lease time 14400\"",\""tags\"":[\""beats_input_codec_plain_applied\""]}"",""_raw"":""{\""input\"":{\""type\"":\""log\""},\""agent\"":{\""type\"":\""filebeat\"",\""id\"":\""8454f5b7-b6e1-414b-a804-beb6717fc6c4\"",\""hostname\"":\""promethus\"",\""version\"":\""7.4.0\"",\""ephemeral_id\"":\""f32f567d-1c8d-4ee8-97fe-e07d094a88dd\""},\""ecs\"":{\""version\"":\""1.1.0\""},\""log\"":{\""offset\"":40677,\""file\"":{\""path\"":\""/var/log/messages\""}},\""host\"":{\""name\"":\""promethus\""},\""message\"":\""Sep 27 14:35:05 promethus NetworkManager[791]: <info>  [1632724505.7975] dhcp4 (ens192):   lease time 14400\"",\""tags\"":[\""beats_input_codec_plain_applied\""]}"",""datatype"":""centos_message""}
"
2021-09-27T14:35:17.938+08:00,"{""datetime"":""Sep 27 14:35:05"",""host_name"":""promethus "",""sub_name"":""NetworkManager[791]"",""message"":""<info>  [1632724505.7961] dhcp4 (ens192):   address 192.168.100.58\"",\""tags\"":[\""beats_input_codec_plain_applied\""]}"",""_raw"":""{\""input\"":{\""type\"":\""log\""},\""agent\"":{\""hostname\"":\""promethus\"",\""id\"":\""8454f5b7-b6e1-414b-a804-beb6717fc6c4\"",\""type\"":\""filebeat\"",\""version\"":\""7.4.0\"",\""ephemeral_id\"":\""f32f567d-1c8d-4ee8-97fe-e07d094a88dd\""},\""ecs\"":{\""version\"":\""1.1.0\""},\""log\"":{\""offset\"":40335,\""file\"":{\""path\"":\""/var/log/messages\""}},\""host\"":{\""name\"":\""promethus\""},\""message\"":\""Sep 27 14:35:05 promethus NetworkManager[791]: <info>  [1632724505.7961] dhcp4 (ens192):   address 192.168.100.58\"",\""tags\"":[\""beats_input_codec_plain_applied\""]}"",""datatype"":""centos_message""}
"
2021-09-27T14:35:17.938+08:00,"{""datetime"":""Sep 27 14:35:05"",""host_name"":""promethus "",""sub_name"":""NetworkManager[791]"",""message"":""<info>  [1632724505.7976] dhcp4 (ens192):   nameserver '114.114.114.114'\"",\""tags\"":[\""beats_input_codec_plain_applied\""]}"",""_raw"":""{\""input\"":{\""type\"":\""log\""},\""agent\"":{\""version\"":\""7.4.0\"",\""id\"":\""8454f5b7-b6e1-414b-a804-beb6717fc6c4\"",\""type\"":\""filebeat\"",\""hostname\"":\""promethus\"",\""ephemeral_id\"":\""f32f567d-1c8d-4ee8-97fe-e07d094a88dd\""},\""ecs\"":{\""version\"":\""1.1.0\""},\""log\"":{\""offset\"":40785,\""file\"":{\""path\"":\""/var/log/messages\""}},\""host\"":{\""name\"":\""promethus\""},\""message\"":\""Sep 27 14:35:05 promethus NetworkManager[791]: <info>  [1632724505.7976] dhcp4 (ens192):   nameserver '114.114.114.114'\"",\""tags\"":[\""beats_input_codec_plain_applied\""]}"",""datatype"":""centos_message""}
"
2021-09-27T14:35:17.938+08:00,"{""datetime"":""Sep 27 14:35:05"",""host_name"":""promethus "",""sub_name"":""dhclient[842]"",""message"":""DHCPREQUEST on ens192 to 192.168.100.1 port 67 (xid=0x47e1373d)\"",\""tags\"":[\""beats_input_codec_plain_applied\""]}"",""_raw"":""{\""input\"":{\""type\"":\""log\""},\""agent\"":{\""version\"":\""7.4.0\"",\""id\"":\""8454f5b7-b6e1-414b-a804-beb6717fc6c4\"",\""type\"":\""filebeat\"",\""hostname\"":\""promethus\"",\""ephemeral_id\"":\""f32f567d-1c8d-4ee8-97fe-e07d094a88dd\""},\""ecs\"":{\""version\"":\""1.1.0\""},\""log\"":{\""offset\"":40145,\""file\"":{\""path\"":\""/var/log/messages\""}},\""host\"":{\""name\"":\""promethus\""},\""message\"":\""Sep 27 14:35:05 promethus dhclient[842]: DHCPREQUEST on ens192 to 192.168.100.1 port 67 (xid=0x47e1373d)\"",\""tags\"":[\""beats_input_codec_plain_applied\""]}"",""datatype"":""centos_message""}
"
2021-09-27T14:35:17.938+08:00,"{""datetime"":""Sep 27 14:35:05"",""host_name"":""promethus "",""sub_name"":""NetworkManager[791]"",""message"":""<info>  [1632724505.7976] dhcp4 (ens192): state changed bound -> bound\"",\""tags\"":[\""beats_input_codec_plain_applied\""]}"",""_raw"":""{\""input\"":{\""type\"":\""log\""},\""agent\"":{\""version\"":\""7.4.0\"",\""id\"":\""8454f5b7-b6e1-414b-a804-beb6717fc6c4\"",\""type\"":\""filebeat\"",\""hostname\"":\""promethus\"",\""ephemeral_id\"":\""f32f567d-1c8d-4ee8-97fe-e07d094a88dd\""},\""ecs\"":{\""version\"":\""1.1.0\""},\""log\"":{\""offset\"":40905,\""file\"":{\""path\"":\""/var/log/messages\""}},\""host\"":{\""name\"":\""promethus\""},\""message\"":\""Sep 27 14:35:05 promethus NetworkManager[791]: <info>  [1632724505.7976] dhcp4 (ens192): state changed bound -> bound\"",\""tags\"":[\""beats_input_codec_plain_applied\""]}"",""datatype"":""centos_message""}
"
2021-09-27T14:35:17.938+08:00,"{""datetime"":""Sep 27 14:35:05"",""host_name"":""promethus "",""sub_name"":""dhclient[842]"",""message"":""bound to 192.168.100.58 -- renewal in 5750 seconds.\"",\""tags\"":[\""beats_input_codec_plain_applied\""]}"",""_raw"":""{\""input\"":{\""type\"":\""log\""},\""agent\"":{\""version\"":\""7.4.0\"",\""id\"":\""8454f5b7-b6e1-414b-a804-beb6717fc6c4\"",\""type\"":\""filebeat\"",\""hostname\"":\""promethus\"",\""ephemeral_id\"":\""f32f567d-1c8d-4ee8-97fe-e07d094a88dd\""},\""ecs\"":{\""version\"":\""1.1.0\""},\""log\"":{\""offset\"":41188,\""file\"":{\""path\"":\""/var/log/messages\""}},\""host\"":{\""name\"":\""promethus\""},\""message\"":\""Sep 27 14:35:05 promethus dhclient[842]: bound to 192.168.100.58 -- renewal in 5750 seconds.\"",\""tags\"":[\""beats_input_codec_plain_applied\""]}"",""datatype"":""centos_message""}
"
2021-09-27T14:35:17.937+08:00,"{""datetime"":""Sep 27 14:35:05"",""host_name"":""promethus "",""sub_name"":""nm-dispatcher"",""message"":""req:1 'dhcp4-change' [ens192]: start running ordered scripts...\"",\""tags\"":[\""beats_input_codec_plain_applied\""]}"",""_raw"":""{\""input\"":{\""type\"":\""log\""},\""agent\"":{\""type\"":\""filebeat\"",\""id\"":\""8454f5b7-b6e1-414b-a804-beb6717fc6c4\"",\""hostname\"":\""promethus\"",\""version\"":\""7.4.0\"",\""ephemeral_id\"":\""f32f567d-1c8d-4ee8-97fe-e07d094a88dd\""},\""ecs\"":{\""version\"":\""1.1.0\""},\""log\"":{\""offset\"":41661,\""file\"":{\""path\"":\""/var/log/messages\""}},\""host\"":{\""name\"":\""promethus\""},\""message\"":\""Sep 27 14:35:05 promethus nm-dispatcher: req:1 'dhcp4-change' [ens192]: start running ordered scripts...\"",\""tags\"":[\""beats_input_codec_plain_applied\""]}"",""datatype"":""centos_message""}
"
2021-09-27T14:35:17.937+08:00,"{""datetime"":""Sep 27 14:35:05"",""host_name"":""promethus "",""sub_name"":""dbus[779]"",""message"":""[system] Successfully activated service 'org.freedesktop.nm_dispatcher'\"",\""tags\"":[\""beats_input_codec_plain_applied\""]}"",""_raw"":""{\""input\"":{\""type\"":\""log\""},\""agent\"":{\""type\"":\""filebeat\"",\""id\"":\""8454f5b7-b6e1-414b-a804-beb6717fc6c4\"",\""hostname\"":\""promethus\"",\""version\"":\""7.4.0\"",\""ephemeral_id\"":\""f32f567d-1c8d-4ee8-97fe-e07d094a88dd\""},\""ecs\"":{\""version\"":\""1.1.0\""},\""log\"":{\""offset\"":41370,\""file\"":{\""path\"":\""/var/log/messages\""}},\""host\"":{\""name\"":\""promethus\""},\""message\"":\""Sep 27 14:35:05 promethus dbus[779]: [system] Successfully activated service 'org.freedesktop.nm_dispatcher'\"",\""tags\"":[\""beats_input_codec_plain_applied\""]}"",""datatype"":""centos_message""}
"
2021-09-27T14:35:17.937+08:00,"{""datetime"":""Sep 27 14:35:05"",""host_name"":""promethus "",""sub_name"":""NetworkManager[791]"",""message"":""<info>  [1632724505.7974] dhcp4 (ens192):   plen 24 (255.255.255.0)\"",\""tags\"":[\""beats_input_codec_plain_applied\""]}"",""_raw"":""{\""input\"":{\""type\"":\""log\""},\""agent\"":{\""version\"":\""7.4.0\"",\""id\"":\""8454f5b7-b6e1-414b-a804-beb6717fc6c4\"",\""type\"":\""filebeat\"",\""hostname\"":\""promethus\"",\""ephemeral_id\"":\""f32f567d-1c8d-4ee8-97fe-e07d094a88dd\""},\""ecs\"":{\""version\"":\""1.1.0\""},\""log\"":{\""file\"":{\""path\"":\""/var/log/messages\""},\""offset\"":40449},\""host\"":{\""name\"":\""promethus\""},\""message\"":\""Sep 27 14:35:05 promethus NetworkManager[791]: <info>  [1632724505.7974] dhcp4 (ens192):   plen 24 (255.255.255.0)\"",\""tags\"":[\""beats_input_codec_plain_applied\""]}"",""datatype"":""centos_message""}
"
2021-09-27T14:06:47.267+08:00,"{""datetime"":""Sep 27 14:06:41"",""host_name"":""promethus "",""sub_name"":""systemd-logind"",""message"":""Removed session 2996.\"",\""tags\"":[\""beats_input_codec_plain_applied\""]}"",""_raw"":""{\""input\"":{\""type\"":\""log\""},\""agent\"":{\""version\"":\""7.4.0\"",\""id\"":\""8454f5b7-b6e1-414b-a804-beb6717fc6c4\"",\""type\"":\""filebeat\"",\""hostname\"":\""promethus\"",\""ephemeral_id\"":\""f32f567d-1c8d-4ee8-97fe-e07d094a88dd\""},\""ecs\"":{\""version\"":\""1.1.0\""},\""log\"":{\""offset\"":40081,\""file\"":{\""path\"":\""/var/log/messages\""}},\""host\"":{\""name\"":\""promethus\""},\""message\"":\""Sep 27 14:06:41 promethus systemd-logind: Removed session 2996.\"",\""tags\"":[\""beats_input_codec_plain_applied\""]}"",""datatype"":""centos_message""}
"
2021-09-27T14:06:47.267+08:00,"{""datetime"":""Sep 27 14:06:41"",""host_name"":""promethus "",""sub_name"":""systemd-logind"",""message"":""New session 2996 of user root.\"",\""tags\"":[\""beats_input_codec_plain_applied\""]}"",""_raw"":""{\""input\"":{\""type\"":\""log\""},\""agent\"":{\""version\"":\""7.4.0\"",\""id\"":\""8454f5b7-b6e1-414b-a804-beb6717fc6c4\"",\""type\"":\""filebeat\"",\""hostname\"":\""promethus\"",\""ephemeral_id\"":\""f32f567d-1c8d-4ee8-97fe-e07d094a88dd\""},\""ecs\"":{\""version\"":\""1.1.0\""},\""log\"":{\""offset\"":39938,\""file\"":{\""path\"":\""/var/log/messages\""}},\""host\"":{\""name\"":\""promethus\""},\""message\"":\""Sep 27 14:06:41 promethus systemd-logind: New session 2996 of user root.\"",\""tags\"":[\""beats_input_codec_plain_applied\""]}"",""datatype"":""centos_message""}
"
2021-09-27T14:06:47.266+08:00,"{""datetime"":""Sep 27 14:06:41"",""host_name"":""promethus "",""sub_name"":""systemd"",""message"":""Started Session 2996 of user root.\"",\""tags\"":[\""beats_input_codec_plain_applied\""]}"",""_raw"":""{\""input\"":{\""type\"":\""log\""},\""agent\"":{\""version\"":\""7.4.0\"",\""id\"":\""8454f5b7-b6e1-414b-a804-beb6717fc6c4\"",\""type\"":\""filebeat\"",\""hostname\"":\""promethus\"",\""ephemeral_id\"":\""f32f567d-1c8d-4ee8-97fe-e07d094a88dd\""},\""ecs\"":{\""version\"":\""1.1.0\""},\""log\"":{\""offset\"":40011,\""file\"":{\""path\"":\""/var/log/messages\""}},\""host\"":{\""name\"":\""promethus\""},\""message\"":\""Sep 27 14:06:41 promethus systemd: Started Session 2996 of user root.\"",\""tags\"":[\""beats_input_codec_plain_applied\""]}"",""datatype"":""centos_message""}
"
2021-09-27T14:01:07.735+08:00,"{""datetime"":""Sep 27 14:01:01"",""host_name"":""promethus "",""sub_name"":""systemd"",""message"":""Started Session 2995 of user root.\"",\""tags\"":[\""beats_input_codec_plain_applied\""]}"",""_raw"":""{\""input\"":{\""type\"":\""log\""},\""agent\"":{\""type\"":\""filebeat\"",\""id\"":\""8454f5b7-b6e1-414b-a804-beb6717fc6c4\"",\""hostname\"":\""promethus\"",\""version\"":\""7.4.0\"",\""ephemeral_id\"":\""f32f567d-1c8d-4ee8-97fe-e07d094a88dd\""},\""ecs\"":{\""version\"":\""1.1.0\""},\""log\"":{\""offset\"":39868,\""file\"":{\""path\"":\""/var/log/messages\""}},\""host\"":{\""name\"":\""promethus\""},\""message\"":\""Sep 27 14:01:01 promethus systemd: Started Session 2995 of user root.\"",\""tags\"":[\""beats_input_codec_plain_applied\""]}"",""datatype"":""centos_message""}
"
2021-09-27T13:05:42.618+08:00,"{""datetime"":""Sep 27 13:05:29"",""host_name"":""promethus "",""sub_name"":""systemd"",""message"":""Started Session 2993 of user root.\"",\""tags\"":[\""beats_input_codec_plain_applied\""]}"",""_raw"":""{\""input\"":{\""type\"":\""log\""},\""agent\"":{\""type\"":\""filebeat\"",\""id\"":\""8454f5b7-b6e1-414b-a804-beb6717fc6c4\"",\""hostname\"":\""promethus\"",\""version\"":\""7.4.0\"",\""ephemeral_id\"":\""f32f567d-1c8d-4ee8-97fe-e07d094a88dd\""},\""ecs\"":{\""version\"":\""1.1.0\""},\""log\"":{\""offset\"":39661,\""file\"":{\""path\"":\""/var/log/messages\""}},\""host\"":{\""name\"":\""promethus\""},\""message\"":\""Sep 27 13:05:29 promethus systemd: Started Session 2993 of user root.\"",\""tags\"":[\""beats_input_codec_plain_applied\""]}"",""datatype"":""centos_message""}
"
2021-09-27T13:05:42.618+08:00,"{""datetime"":""Sep 27 13:05:29"",""host_name"":""promethus "",""sub_name"":""systemd-logind"",""message"":""Removed session 2993.\"",\""tags\"":[\""beats_input_codec_plain_applied\""]}"",""_raw"":""{\""input\"":{\""type\"":\""log\""},\""agent\"":{\""version\"":\""7.4.0\"",\""id\"":\""8454f5b7-b6e1-414b-a804-beb6717fc6c4\"",\""type\"":\""filebeat\"",\""hostname\"":\""promethus\"",\""ephemeral_id\"":\""f32f567d-1c8d-4ee8-97fe-e07d094a88dd\""},\""ecs\"":{\""version\"":\""1.1.0\""},\""log\"":{\""offset\"":39804,\""file\"":{\""path\"":\""/var/log/messages\""}},\""host\"":{\""name\"":\""promethus\""},\""message\"":\""Sep 27 13:05:29 promethus systemd-logind: Removed session 2993.\"",\""tags\"":[\""beats_input_codec_plain_applied\""]}"",""datatype"":""centos_message""}
"
2021-09-27T13:05:42.618+08:00,"{""datetime"":""Sep 27 13:05:29"",""host_name"":""promethus "",""sub_name"":""systemd-logind"",""message"":""New session 2993 of user root.\"",\""tags\"":[\""beats_input_codec_plain_applied\""]}"",""_raw"":""{\""input\"":{\""type\"":\""log\""},\""agent\"":{\""hostname\"":\""promethus\"",\""id\"":\""8454f5b7-b6e1-414b-a804-beb6717fc6c4\"",\""type\"":\""filebeat\"",\""version\"":\""7.4.0\"",\""ephemeral_id\"":\""f32f567d-1c8d-4ee8-97fe-e07d094a88dd\""},\""ecs\"":{\""version\"":\""1.1.0\""},\""log\"":{\""offset\"":39731,\""file\"":{\""path\"":\""/var/log/messages\""}},\""host\"":{\""name\"":\""promethus\""},\""message\"":\""Sep 27 13:05:29 promethus systemd-logind: New session 2993 of user root.\"",\""tags\"":[\""beats_input_codec_plain_applied\""]}"",""datatype"":""centos_message""}
"
2021-09-27T13:01:17.375+08:00,"{""datetime"":""Sep 27 13:01:01"",""host_name"":""promethus "",""sub_name"":""systemd"",""message"":""Started Session 2992 of user root.\"",\""tags\"":[\""beats_input_codec_plain_applied\""]}"",""_raw"":""{\""input\"":{\""type\"":\""log\""},\""agent\"":{\""version\"":\""7.4.0\"",\""id\"":\""8454f5b7-b6e1-414b-a804-beb6717fc6c4\"",\""type\"":\""filebeat\"",\""hostname\"":\""promethus\"",\""ephemeral_id\"":\""f32f567d-1c8d-4ee8-97fe-e07d094a88dd\""},\""ecs\"":{\""version\"":\""1.1.0\""},\""log\"":{\""offset\"":39591,\""file\"":{\""path\"":\""/var/log/messages\""}},\""host\"":{\""name\"":\""promethus\""},\""message\"":\""Sep 27 13:01:01 promethus systemd: Started Session 2992 of user root.\"",\""tags\"":[\""beats_input_codec_plain_applied\""]}"",""datatype"":""centos_message""}
"
2021-09-27T12:45:17.419+08:00,"{""datetime"":""Sep 27 12:45:01"",""host_name"":""promethus "",""sub_name"":""dbus[779]"",""message"":""[system] Successfully activated service 'org.freedesktop.nm_dispatcher'\"",\""tags\"":[\""beats_input_codec_plain_applied\""]}"",""_raw"":""{\""input\"":{\""type\"":\""log\""},\""agent\"":{\""type\"":\""filebeat\"",\""id\"":\""8454f5b7-b6e1-414b-a804-beb6717fc6c4\"",\""hostname\"":\""promethus\"",\""version\"":\""7.4.0\"",\""ephemeral_id\"":\""f32f567d-1c8d-4ee8-97fe-e07d094a88dd\""},\""ecs\"":{\""version\"":\""1.1.0\""},\""log\"":{\""file\"":{\""path\"":\""/var/log/messages\""},\""offset\"":39195},\""host\"":{\""name\"":\""promethus\""},\""message\"":\""Sep 27 12:45:01 promethus dbus[779]: [system] Successfully activated service 'org.freedesktop.nm_dispatcher'\"",\""tags\"":[\""beats_input_codec_plain_applied\""]}"",""datatype"":""centos_message""}
"
2021-09-27T12:45:17.419+08:00,"{""datetime"":""Sep 27 12:45:01"",""host_name"":""promethus "",""sub_name"":""NetworkManager[791]"",""message"":""<info>  [1632717901.8182] dhcp4 (ens192):   lease time 14400\"",\""tags\"":[\""beats_input_codec_plain_applied\""]}"",""_raw"":""{\""input\"":{\""type\"":\""log\""},\""agent\"":{\""version\"":\""7.4.0\"",\""id\"":\""8454f5b7-b6e1-414b-a804-beb6717fc6c4\"",\""type\"":\""filebeat\"",\""hostname\"":\""promethus\"",\""ephemeral_id\"":\""f32f567d-1c8d-4ee8-97fe-e07d094a88dd\""},\""ecs\"":{\""version\"":\""1.1.0\""},\""log\"":{\""offset\"":38502,\""file\"":{\""path\"":\""/var/log/messages\""}},\""host\"":{\""name\"":\""promethus\""},\""message\"":\""Sep 27 12:45:01 promethus NetworkManager[791]: <info>  [1632717901.8182] dhcp4 (ens192):   lease time 14400\"",\""tags\"":[\""beats_input_codec_plain_applied\""]}"",""datatype"":""centos_message""}
"
2021-09-27T12:45:17.418+08:00,"{""datetime"":""Sep 27 12:45:01"",""host_name"":""promethus "",""sub_name"":""dbus[779]"",""message"":""[system] Activating via systemd: service name='org.freedesktop.nm_dispatcher' unit='dbus-org.freedesktop.nm-dispatcher.service'\"",\""tags\"":[\""beats_input_codec_plain_applied\""]}"",""_raw"":""{\""input\"":{\""type\"":\""log\""},\""agent\"":{\""version\"":\""7.4.0\"",\""id\"":\""8454f5b7-b6e1-414b-a804-beb6717fc6c4\"",\""type\"":\""filebeat\"",\""hostname\"":\""promethus\"",\""ephemeral_id\"":\""f32f567d-1c8d-4ee8-97fe-e07d094a88dd\""},\""ecs\"":{\""version\"":\""1.1.0\""},\""log\"":{\""offset\"":38848,\""file\"":{\""path\"":\""/var/log/messages\""}},\""host\"":{\""name\"":\""promethus\""},\""message\"":\""Sep 27 12:45:01 promethus dbus[779]: [system] Activating via systemd: service name='org.freedesktop.nm_dispatcher' unit='dbus-org.freedesktop.nm-dispatcher.service'\"",\""tags\"":[\""beats_input_codec_plain_applied\""]}"",""datatype"":""centos_message""}
"
2021-09-27T12:45:17.417+08:00,"{""datetime"":""Sep 27 12:45:01"",""host_name"":""promethus "",""sub_name"":""NetworkManager[791]"",""message"":""<info>  [1632717901.8181] dhcp4 (ens192):   plen 24 (255.255.255.0)\"",\""tags\"":[\""beats_input_codec_plain_applied\""]}"",""_raw"":""{\""input\"":{\""type\"":\""log\""},\""agent\"":{\""type\"":\""filebeat\"",\""id\"":\""8454f5b7-b6e1-414b-a804-beb6717fc6c4\"",\""hostname\"":\""promethus\"",\""version\"":\""7.4.0\"",\""ephemeral_id\"":\""f32f567d-1c8d-4ee8-97fe-e07d094a88dd\""},\""ecs\"":{\""version\"":\""1.1.0\""},\""log\"":{\""offset\"":38274,\""file\"":{\""path\"":\""/var/log/messages\""}},\""host\"":{\""name\"":\""promethus\""},\""message\"":\""Sep 27 12:45:01 promethus NetworkManager[791]: <info>  [1632717901.8181] dhcp4 (ens192):   plen 24 (255.255.255.0)\"",\""tags\"":[\""beats_input_codec_plain_applied\""]}"",""datatype"":""centos_message""}
"
2021-09-27T12:45:17.417+08:00,"{""datetime"":""Sep 27 12:45:01"",""host_name"":""promethus "",""sub_name"":""systemd"",""message"":""Started Network Manager Script Dispatcher Service.\"",\""tags\"":[\""beats_input_codec_plain_applied\""]}"",""_raw"":""{\""input\"":{\""type\"":\""log\""},\""agent\"":{\""version\"":\""7.4.0\"",\""id\"":\""8454f5b7-b6e1-414b-a804-beb6717fc6c4\"",\""type\"":\""filebeat\"",\""hostname\"":\""promethus\"",\""ephemeral_id\"":\""f32f567d-1c8d-4ee8-97fe-e07d094a88dd\""},\""ecs\"":{\""version\"":\""1.1.0\""},\""log\"":{\""offset\"":39304,\""file\"":{\""path\"":\""/var/log/messages\""}},\""host\"":{\""name\"":\""promethus\""},\""message\"":\""Sep 27 12:45:01 promethus systemd: Started Network Manager Script Dispatcher Service.\"",\""tags\"":[\""beats_input_codec_plain_applied\""]}"",""datatype"":""centos_message""}
"
2021-09-27T12:45:17.417+08:00,"{""datetime"":""Sep 27 12:45:01"",""host_name"":""promethus "",""sub_name"":""nm-dispatcher"",""message"":""req:1 'dhcp4-change' [ens192]: start running ordered scripts...\"",\""tags\"":[\""beats_input_codec_plain_applied\""]}"",""_raw"":""{\""input\"":{\""type\"":\""log\""},\""agent\"":{\""version\"":\""7.4.0\"",\""id\"":\""8454f5b7-b6e1-414b-a804-beb6717fc6c4\"",\""type\"":\""filebeat\"",\""hostname\"":\""promethus\"",\""ephemeral_id\"":\""f32f567d-1c8d-4ee8-97fe-e07d094a88dd\""},\""ecs\"":{\""version\"":\""1.1.0\""},\""log\"":{\""offset\"":39486,\""file\"":{\""path\"":\""/var/log/messages\""}},\""host\"":{\""name\"":\""promethus\""},\""message\"":\""Sep 27 12:45:01 promethus nm-dispatcher: req:1 'dhcp4-change' [ens192]: start running ordered scripts...\"",\""tags\"":[\""beats_input_codec_plain_applied\""]}"",""datatype"":""centos_message""}
"
2021-09-27T12:45:17.417+08:00,"{""datetime"":""Sep 27 12:45:01"",""host_name"":""promethus "",""sub_name"":""nm-dispatcher"",""message"":""req:1 'dhcp4-change' [ens192]: new request (3 scripts)\"",\""tags\"":[\""beats_input_codec_plain_applied\""]}"",""_raw"":""{\""input\"":{\""type\"":\""log\""},\""agent\"":{\""hostname\"":\""promethus\"",\""id\"":\""8454f5b7-b6e1-414b-a804-beb6717fc6c4\"",\""type\"":\""filebeat\"",\""version\"":\""7.4.0\"",\""ephemeral_id\"":\""f32f567d-1c8d-4ee8-97fe-e07d094a88dd\""},\""ecs\"":{\""version\"":\""1.1.0\""},\""log\"":{\""offset\"":39390,\""file\"":{\""path\"":\""/var/log/messages\""}},\""host\"":{\""name\"":\""promethus\""},\""message\"":\""Sep 27 12:45:01 promethus nm-dispatcher: req:1 'dhcp4-change' [ens192]: new request (3 scripts)\"",\""tags\"":[\""beats_input_codec_plain_applied\""]}"",""datatype"":""centos_message""}
"
2021-09-27T12:45:17.417+08:00,"{""datetime"":""Sep 27 12:45:01"",""host_name"":""promethus "",""sub_name"":""dhclient[842]"",""message"":""DHCPACK from 192.168.100.1 (xid=0x47e1373d)\"",\""tags\"":[\""beats_input_codec_plain_applied\""]}"",""_raw"":""{\""input\"":{\""type\"":\""log\""},\""agent\"":{\""version\"":\""7.4.0\"",\""id\"":\""8454f5b7-b6e1-414b-a804-beb6717fc6c4\"",\""type\"":\""filebeat\"",\""hostname\"":\""promethus\"",\""ephemeral_id\"":\""f32f567d-1c8d-4ee8-97fe-e07d094a88dd\""},\""ecs\"":{\""version\"":\""1.1.0\""},\""log\"":{\""offset\"":38075,\""file\"":{\""path\"":\""/var/log/messages\""}},\""host\"":{\""name\"":\""promethus\""},\""message\"":\""Sep 27 12:45:01 promethus dhclient[842]: DHCPACK from 192.168.100.1 (xid=0x47e1373d)\"",\""tags\"":[\""beats_input_codec_plain_applied\""]}"",""datatype"":""centos_message""}
"
2021-09-27T12:45:17.417+08:00,"{""datetime"":""Sep 27 12:45:01"",""host_name"":""promethus "",""sub_name"":""systemd"",""message"":""Starting Network Manager Script Dispatcher Service...\"",\""tags\"":[\""beats_input_codec_plain_applied\""]}"",""_raw"":""{\""input\"":{\""type\"":\""log\""},\""agent\"":{\""hostname\"":\""promethus\"",\""id\"":\""8454f5b7-b6e1-414b-a804-beb6717fc6c4\"",\""type\"":\""filebeat\"",\""version\"":\""7.4.0\"",\""ephemeral_id\"":\""f32f567d-1c8d-4ee8-97fe-e07d094a88dd\""},\""ecs\"":{\""version\"":\""1.1.0\""},\""log\"":{\""file\"":{\""path\"":\""/var/log/messages\""},\""offset\"":39106},\""host\"":{\""name\"":\""promethus\""},\""message\"":\""Sep 27 12:45:01 promethus systemd: Starting Network Manager Script Dispatcher Service...\"",\""tags\"":[\""beats_input_codec_plain_applied\""]}"",""datatype"":""centos_message""}
"
2021-09-27T12:45:17.416+08:00,"{""datetime"":""Sep 27 12:45:01"",""host_name"":""promethus "",""sub_name"":""NetworkManager[791]"",""message"":""<info>  [1632717901.8181] dhcp4 (ens192):   gateway 192.168.100.1\"",\""tags\"":[\""beats_input_codec_plain_applied\""]}"",""_raw"":""{\""input\"":{\""type\"":\""log\""},\""agent\"":{\""version\"":\""7.4.0\"",\""id\"":\""8454f5b7-b6e1-414b-a804-beb6717fc6c4\"",\""type\"":\""filebeat\"",\""hostname\"":\""promethus\"",\""ephemeral_id\"":\""f32f567d-1c8d-4ee8-97fe-e07d094a88dd\""},\""ecs\"":{\""version\"":\""1.1.0\""},\""log\"":{\""file\"":{\""path\"":\""/var/log/messages\""},\""offset\"":38389},\""host\"":{\""name\"":\""promethus\""},\""message\"":\""Sep 27 12:45:01 promethus NetworkManager[791]: <info>  [1632717901.8181] dhcp4 (ens192):   gateway 192.168.100.1\"",\""tags\"":[\""beats_input_codec_plain_applied\""]}"",""datatype"":""centos_message""}
"
2021-09-27T12:45:17.415+08:00,"{""datetime"":""Sep 27 12:45:01"",""host_name"":""promethus "",""sub_name"":""NetworkManager[791]"",""message"":""<info>  [1632717901.8182] dhcp4 (ens192):   nameserver '114.114.114.114'\"",\""tags\"":[\""beats_input_codec_plain_applied\""]}"",""_raw"":""{\""input\"":{\""type\"":\""log\""},\""agent\"":{\""version\"":\""7.4.0\"",\""id\"":\""8454f5b7-b6e1-414b-a804-beb6717fc6c4\"",\""type\"":\""filebeat\"",\""hostname\"":\""promethus\"",\""ephemeral_id\"":\""f32f567d-1c8d-4ee8-97fe-e07d094a88dd\""},\""ecs\"":{\""version\"":\""1.1.0\""},\""log\"":{\""file\"":{\""path\"":\""/var/log/messages\""},\""offset\"":38610},\""host\"":{\""name\"":\""promethus\""},\""message\"":\""Sep 27 12:45:01 promethus NetworkManager[791]: <info>  [1632717901.8182] dhcp4 (ens192):   nameserver '114.114.114.114'\"",\""tags\"":[\""beats_input_codec_plain_applied\""]}"",""datatype"":""centos_message""}
"
2021-09-27T12:45:17.415+08:00,"{""datetime"":""Sep 27 12:45:01"",""host_name"":""promethus "",""sub_name"":""NetworkManager[791]"",""message"":""<info>  [1632717901.8174] dhcp4 (ens192):   address 192.168.100.58\"",\""tags\"":[\""beats_input_codec_plain_applied\""]}"",""_raw"":""{\""input\"":{\""type\"":\""log\""},\""agent\"":{\""type\"":\""filebeat\"",\""id\"":\""8454f5b7-b6e1-414b-a804-beb6717fc6c4\"",\""hostname\"":\""promethus\"",\""version\"":\""7.4.0\"",\""ephemeral_id\"":\""f32f567d-1c8d-4ee8-97fe-e07d094a88dd\""},\""ecs\"":{\""version\"":\""1.1.0\""},\""log\"":{\""offset\"":38160,\""file\"":{\""path\"":\""/var/log/messages\""}},\""host\"":{\""name\"":\""promethus\""},\""message\"":\""Sep 27 12:45:01 promethus NetworkManager[791]: <info>  [1632717901.8174] dhcp4 (ens192):   address 192.168.100.58\"",\""tags\"":[\""beats_input_codec_plain_applied\""]}"",""datatype"":""centos_message""}
"
2021-09-27T12:45:17.415+08:00,"{""datetime"":""Sep 27 12:45:01"",""host_name"":""promethus "",""sub_name"":""dhclient[842]"",""message"":""bound to 192.168.100.58 -- renewal in 6604 seconds.\"",\""tags\"":[\""beats_input_codec_plain_applied\""]}"",""_raw"":""{\""input\"":{\""type\"":\""log\""},\""agent\"":{\""hostname\"":\""promethus\"",\""id\"":\""8454f5b7-b6e1-414b-a804-beb6717fc6c4\"",\""type\"":\""filebeat\"",\""version\"":\""7.4.0\"",\""ephemeral_id\"":\""f32f567d-1c8d-4ee8-97fe-e07d094a88dd\""},\""ecs\"":{\""version\"":\""1.1.0\""},\""log\"":{\""offset\"":39013,\""file\"":{\""path\"":\""/var/log/messages\""}},\""host\"":{\""name\"":\""promethus\""},\""message\"":\""Sep 27 12:45:01 promethus dhclient[842]: bound to 192.168.100.58 -- renewal in 6604 seconds.\"",\""tags\"":[\""beats_input_codec_plain_applied\""]}"",""datatype"":""centos_message""}
"
2021-09-27T12:45:17.415+08:00,"{""datetime"":""Sep 27 12:45:01"",""host_name"":""promethus "",""sub_name"":""dhclient[842]"",""message"":""DHCPREQUEST on ens192 to 192.168.100.1 port 67 (xid=0x47e1373d)\"",\""tags\"":[\""beats_input_codec_plain_applied\""]}"",""_raw"":""{\""input\"":{\""type\"":\""log\""},\""agent\"":{\""version\"":\""7.4.0\"",\""id\"":\""8454f5b7-b6e1-414b-a804-beb6717fc6c4\"",\""type\"":\""filebeat\"",\""hostname\"":\""promethus\"",\""ephemeral_id\"":\""f32f567d-1c8d-4ee8-97fe-e07d094a88dd\""},\""ecs\"":{\""version\"":\""1.1.0\""},\""log\"":{\""offset\"":37970,\""file\"":{\""path\"":\""/var/log/messages\""}},\""host\"":{\""name\"":\""promethus\""},\""message\"":\""Sep 27 12:45:01 promethus dhclient[842]: DHCPREQUEST on ens192 to 192.168.100.1 port 67 (xid=0x47e1373d)\"",\""tags\"":[\""beats_input_codec_plain_applied\""]}"",""datatype"":""centos_message""}
"
2021-09-27T12:45:17.414+08:00,"{""datetime"":""Sep 27 12:45:01"",""host_name"":""promethus "",""sub_name"":""NetworkManager[791]"",""message"":""<info>  [1632717901.8182] dhcp4 (ens192): state changed bound -> bound\"",\""tags\"":[\""beats_input_codec_plain_applied\""]}"",""_raw"":""{\""input\"":{\""type\"":\""log\""},\""agent\"":{\""version\"":\""7.4.0\"",\""id\"":\""8454f5b7-b6e1-414b-a804-beb6717fc6c4\"",\""type\"":\""filebeat\"",\""hostname\"":\""promethus\"",\""ephemeral_id\"":\""f32f567d-1c8d-4ee8-97fe-e07d094a88dd\""},\""ecs\"":{\""version\"":\""1.1.0\""},\""log\"":{\""offset\"":38730,\""file\"":{\""path\"":\""/var/log/messages\""}},\""host\"":{\""name\"":\""promethus\""},\""message\"":\""Sep 27 12:45:01 promethus NetworkManager[791]: <info>  [1632717901.8182] dhcp4 (ens192): state changed bound -> bound\"",\""tags\"":[\""beats_input_codec_plain_applied\""]}"",""datatype"":""centos_message""}
"
2021-09-27T12:04:21.978+08:00,"{""datetime"":""Sep 27 12:04:11"",""host_name"":""promethus "",""sub_name"":""systemd"",""message"":""Started Session 2990 of user root.\"",\""tags\"":[\""beats_input_codec_plain_applied\""]}"",""_raw"":""{\""input\"":{\""type\"":\""log\""},\""agent\"":{\""id\"":\""8454f5b7-b6e1-414b-a804-beb6717fc6c4\"",\""type\"":\""filebeat\"",\""hostname\"":\""promethus\"",\""version\"":\""7.4.0\"",\""ephemeral_id\"":\""f32f567d-1c8d-4ee8-97fe-e07d094a88dd\""},\""ecs\"":{\""version\"":\""1.1.0\""},\""log\"":{\""offset\"":37836,\""file\"":{\""path\"":\""/var/log/messages\""}},\""host\"":{\""name\"":\""promethus\""},\""message\"":\""Sep 27 12:04:11 promethus systemd: Started Session 2990 of user root.\"",\""tags\"":[\""beats_input_codec_plain_applied\""]}"",""datatype"":""centos_message""}
"
2021-09-27T12:04:21.978+08:00,"{""datetime"":""Sep 27 12:04:11"",""host_name"":""promethus "",""sub_name"":""systemd-logind"",""message"":""New session 2990 of user root.\"",\""tags\"":[\""beats_input_codec_plain_applied\""]}"",""_raw"":""{\""input\"":{\""type\"":\""log\""},\""agent\"":{\""id\"":\""8454f5b7-b6e1-414b-a804-beb6717fc6c4\"",\""type\"":\""filebeat\"",\""hostname\"":\""promethus\"",\""version\"":\""7.4.0\"",\""ephemeral_id\"":\""f32f567d-1c8d-4ee8-97fe-e07d094a88dd\""},\""ecs\"":{\""version\"":\""1.1.0\""},\""log\"":{\""offset\"":37763,\""file\"":{\""path\"":\""/var/log/messages\""}},\""host\"":{\""name\"":\""promethus\""},\""message\"":\""Sep 27 12:04:11 promethus systemd-logind: New session 2990 of user root.\"",\""tags\"":[\""beats_input_codec_plain_applied\""]}"",""datatype"":""centos_message""}
"
2021-09-27T12:04:21.977+08:00,"{""datetime"":""Sep 27 12:04:12"",""host_name"":""promethus "",""sub_name"":""systemd-logind"",""message"":""Removed session 2990.\"",\""tags\"":[\""beats_input_codec_plain_applied\""]}"",""_raw"":""{\""input\"":{\""type\"":\""log\""},\""agent\"":{\""id\"":\""8454f5b7-b6e1-414b-a804-beb6717fc6c4\"",\""type\"":\""filebeat\"",\""hostname\"":\""promethus\"",\""version\"":\""7.4.0\"",\""ephemeral_id\"":\""f32f567d-1c8d-4ee8-97fe-e07d094a88dd\""},\""ecs\"":{\""version\"":\""1.1.0\""},\""log\"":{\""offset\"":37906,\""file\"":{\""path\"":\""/var/log/messages\""}},\""host\"":{\""name\"":\""promethus\""},\""message\"":\""Sep 27 12:04:12 promethus systemd-logind: Removed session 2990.\"",\""tags\"":[\""beats_input_codec_plain_applied\""]}"",""datatype"":""centos_message""}
"
2021-09-27T12:01:19.078+08:00,"{""datetime"":""Sep 27 12:01:01"",""host_name"":""promethus "",""sub_name"":""systemd"",""message"":""Started Session 2989 of user root.\"",\""tags\"":[\""beats_input_codec_plain_applied\""]}"",""_raw"":""{\""input\"":{\""type\"":\""log\""},\""agent\"":{\""ephemeral_id\"":\""f32f567d-1c8d-4ee8-97fe-e07d094a88dd\"",\""type\"":\""filebeat\"",\""version\"":\""7.4.0\"",\""hostname\"":\""promethus\"",\""id\"":\""8454f5b7-b6e1-414b-a804-beb6717fc6c4\""},\""ecs\"":{\""version\"":\""1.1.0\""},\""log\"":{\""offset\"":37693,\""file\"":{\""path\"":\""/var/log/messages\""}},\""host\"":{\""name\"":\""promethus\""},\""message\"":\""Sep 27 12:01:01 promethus systemd: Started Session 2989 of user root.\"",\""tags\"":[\""beats_input_codec_plain_applied\""]}"",""datatype"":""centos_message""}
"
2021-09-27T11:10:47.133+08:00,"{""datetime"":""Sep 27 11:10:39"",""host_name"":""promethus "",""sub_name"":""nm-dispatcher"",""message"":""req:1 'dhcp4-change' [ens192]: start running ordered scripts...\"",\""tags\"":[\""beats_input_codec_plain_applied\""]}"",""_raw"":""{\""input\"":{\""type\"":\""log\""},\""agent\"":{\""id\"":\""8454f5b7-b6e1-414b-a804-beb6717fc6c4\"",\""type\"":\""filebeat\"",\""ephemeral_id\"":\""f32f567d-1c8d-4ee8-97fe-e07d094a88dd\"",\""hostname\"":\""promethus\"",\""version\"":\""7.4.0\""},\""ecs\"":{\""version\"":\""1.1.0\""},\""log\"":{\""file\"":{\""path\"":\""/var/log/messages\""},\""offset\"":37588},\""host\"":{\""name\"":\""promethus\""},\""message\"":\""Sep 27 11:10:39 promethus nm-dispatcher: req:1 'dhcp4-change' [ens192]: start running ordered scripts...\"",\""tags\"":[\""beats_input_codec_plain_applied\""]}"",""datatype"":""centos_message""}
"
2021-09-27T11:10:47.130+08:00,"{""datetime"":""Sep 27 11:10:39"",""host_name"":""promethus "",""sub_name"":""nm-dispatcher"",""message"":""req:1 'dhcp4-change' [ens192]: new request (3 scripts)\"",\""tags\"":[\""beats_input_codec_plain_applied\""]}"",""_raw"":""{\""input\"":{\""type\"":\""log\""},\""agent\"":{\""id\"":\""8454f5b7-b6e1-414b-a804-beb6717fc6c4\"",\""type\"":\""filebeat\"",\""ephemeral_id\"":\""f32f567d-1c8d-4ee8-97fe-e07d094a88dd\"",\""hostname\"":\""promethus\"",\""version\"":\""7.4.0\""},\""ecs\"":{\""version\"":\""1.1.0\""},\""log\"":{\""file\"":{\""path\"":\""/var/log/messages\""},\""offset\"":37492},\""host\"":{\""name\"":\""promethus\""},\""message\"":\""Sep 27 11:10:39 promethus nm-dispatcher: req:1 'dhcp4-change' [ens192]: new request (3 scripts)\"",\""tags\"":[\""beats_input_codec_plain_applied\""]}"",""datatype"":""centos_message""}
"
2021-09-27T11:10:47.130+08:00,"{""datetime"":""Sep 27 11:10:39"",""host_name"":""promethus "",""sub_name"":""NetworkManager[791]"",""message"":""<info>  [1632712239.1834] dhcp4 (ens192):   nameserver '114.114.114.114'\"",\""tags\"":[\""beats_input_codec_plain_applied\""]}"",""_raw"":""{\""input\"":{\""type\"":\""log\""},\""agent\"":{\""id\"":\""8454f5b7-b6e1-414b-a804-beb6717fc6c4\"",\""ephemeral_id\"":\""f32f567d-1c8d-4ee8-97fe-e07d094a88dd\"",\""hostname\"":\""promethus\"",\""type\"":\""filebeat\"",\""version\"":\""7.4.0\""},\""ecs\"":{\""version\"":\""1.1.0\""},\""log\"":{\""file\"":{\""path\"":\""/var/log/messages\""},\""offset\"":36712},\""host\"":{\""name\"":\""promethus\""},\""message\"":\""Sep 27 11:10:39 promethus NetworkManager[791]: <info>  [1632712239.1834] dhcp4 (ens192):   nameserver '114.114.114.114'\"",\""tags\"":[\""beats_input_codec_plain_applied\""]}"",""datatype"":""centos_message""}
"
2021-09-27T11:10:47.130+08:00,"{""datetime"":""Sep 27 11:10:39"",""host_name"":""promethus "",""sub_name"":""dbus[779]"",""message"":""[system] Successfully activated service 'org.freedesktop.nm_dispatcher'\"",\""tags\"":[\""beats_input_codec_plain_applied\""]}"",""_raw"":""{\""input\"":{\""type\"":\""log\""},\""agent\"":{\""id\"":\""8454f5b7-b6e1-414b-a804-beb6717fc6c4\"",\""type\"":\""filebeat\"",\""hostname\"":\""promethus\"",\""ephemeral_id\"":\""f32f567d-1c8d-4ee8-97fe-e07d094a88dd\"",\""version\"":\""7.4.0\""},\""ecs\"":{\""version\"":\""1.1.0\""},\""log\"":{\""file\"":{\""path\"":\""/var/log/messages\""},\""offset\"":37297},\""host\"":{\""name\"":\""promethus\""},\""message\"":\""Sep 27 11:10:39 promethus dbus[779]: [system] Successfully activated service 'org.freedesktop.nm_dispatcher'\"",\""tags\"":[\""beats_input_codec_plain_applied\""]}"",""datatype"":""centos_message""}
"
2021-09-27T11:10:47.128+08:00,"{""datetime"":""Sep 27 11:10:39"",""host_name"":""promethus "",""sub_name"":""NetworkManager[791]"",""message"":""<info>  [1632712239.1833] dhcp4 (ens192):   plen 24 (255.255.255.0)\"",\""tags\"":[\""beats_input_codec_plain_applied\""]}"",""_raw"":""{\""input\"":{\""type\"":\""log\""},\""agent\"":{\""id\"":\""8454f5b7-b6e1-414b-a804-beb6717fc6c4\"",\""ephemeral_id\"":\""f32f567d-1c8d-4ee8-97fe-e07d094a88dd\"",\""hostname\"":\""promethus\"",\""type\"":\""filebeat\"",\""version\"":\""7.4.0\""},\""ecs\"":{\""version\"":\""1.1.0\""},\""log\"":{\""file\"":{\""path\"":\""/var/log/messages\""},\""offset\"":36376},\""host\"":{\""name\"":\""promethus\""},\""message\"":\""Sep 27 11:10:39 promethus NetworkManager[791]: <info>  [1632712239.1833] dhcp4 (ens192):   plen 24 (255.255.255.0)\"",\""tags\"":[\""beats_input_codec_plain_applied\""]}"",""datatype"":""centos_message""}
"
2021-09-27T11:10:47.127+08:00,"{""datetime"":""Sep 27 11:10:39"",""host_name"":""promethus "",""sub_name"":""systemd"",""message"":""Started Network Manager Script Dispatcher Service.\"",\""tags\"":[\""beats_input_codec_plain_applied\""]}"",""_raw"":""{\""input\"":{\""type\"":\""log\""},\""agent\"":{\""id\"":\""8454f5b7-b6e1-414b-a804-beb6717fc6c4\"",\""ephemeral_id\"":\""f32f567d-1c8d-4ee8-97fe-e07d094a88dd\"",\""hostname\"":\""promethus\"",\""type\"":\""filebeat\"",\""version\"":\""7.4.0\""},\""ecs\"":{\""version\"":\""1.1.0\""},\""log\"":{\""file\"":{\""path\"":\""/var/log/messages\""},\""offset\"":37406},\""host\"":{\""name\"":\""promethus\""},\""message\"":\""Sep 27 11:10:39 promethus systemd: Started Network Manager Script Dispatcher Service.\"",\""tags\"":[\""beats_input_codec_plain_applied\""]}"",""datatype"":""centos_message""}
"
2021-09-27T11:10:47.127+08:00,"{""datetime"":""Sep 27 11:10:39"",""host_name"":""promethus "",""sub_name"":""systemd"",""message"":""Starting Network Manager Script Dispatcher Service...\"",\""tags\"":[\""beats_input_codec_plain_applied\""]}"",""_raw"":""{\""input\"":{\""type\"":\""log\""},\""agent\"":{\""id\"":\""8454f5b7-b6e1-414b-a804-beb6717fc6c4\"",\""type\"":\""filebeat\"",\""ephemeral_id\"":\""f32f567d-1c8d-4ee8-97fe-e07d094a88dd\"",\""hostname\"":\""promethus\"",\""version\"":\""7.4.0\""},\""ecs\"":{\""version\"":\""1.1.0\""},\""log\"":{\""file\"":{\""path\"":\""/var/log/messages\""},\""offset\"":37208},\""host\"":{\""name\"":\""promethus\""},\""message\"":\""Sep 27 11:10:39 promethus systemd: Starting Network Manager Script Dispatcher Service...\"",\""tags\"":[\""beats_input_codec_plain_applied\""]}"",""datatype"":""centos_message""}
"
2021-09-27T11:10:47.127+08:00,"{""datetime"":""Sep 27 11:10:39"",""host_name"":""promethus "",""sub_name"":""dhclient[842]"",""message"":""DHCPREQUEST on ens192 to 192.168.100.1 port 67 (xid=0x47e1373d)\"",\""tags\"":[\""beats_input_codec_plain_applied\""]}"",""_raw"":""{\""input\"":{\""type\"":\""log\""},\""agent\"":{\""id\"":\""8454f5b7-b6e1-414b-a804-beb6717fc6c4\"",\""type\"":\""filebeat\"",\""ephemeral_id\"":\""f32f567d-1c8d-4ee8-97fe-e07d094a88dd\"",\""hostname\"":\""promethus\"",\""version\"":\""7.4.0\""},\""ecs\"":{\""version\"":\""1.1.0\""},\""log\"":{\""file\"":{\""path\"":\""/var/log/messages\""},\""offset\"":36072},\""host\"":{\""name\"":\""promethus\""},\""message\"":\""Sep 27 11:10:39 promethus dhclient[842]: DHCPREQUEST on ens192 to 192.168.100.1 port 67 (xid=0x47e1373d)\"",\""tags\"":[\""beats_input_codec_plain_applied\""]}"",""datatype"":""centos_message""}
"
2021-09-27T11:10:47.125+08:00,"{""datetime"":""Sep 27 11:10:39"",""host_name"":""promethus "",""sub_name"":""NetworkManager[791]"",""message"":""<info>  [1632712239.1834] dhcp4 (ens192): state changed bound -> bound\"",\""tags\"":[\""beats_input_codec_plain_applied\""]}"",""_raw"":""{\""input\"":{\""type\"":\""log\""},\""agent\"":{\""id\"":\""8454f5b7-b6e1-414b-a804-beb6717fc6c4\"",\""type\"":\""filebeat\"",\""ephemeral_id\"":\""f32f567d-1c8d-4ee8-97fe-e07d094a88dd\"",\""hostname\"":\""promethus\"",\""version\"":\""7.4.0\""},\""ecs\"":{\""version\"":\""1.1.0\""},\""log\"":{\""file\"":{\""path\"":\""/var/log/messages\""},\""offset\"":36832},\""host\"":{\""name\"":\""promethus\""},\""message\"":\""Sep 27 11:10:39 promethus NetworkManager[791]: <info>  [1632712239.1834] dhcp4 (ens192): state changed bound -> bound\"",\""tags\"":[\""beats_input_codec_plain_applied\""]}"",""datatype"":""centos_message""}
"
2021-09-27T11:10:47.125+08:00,"{""datetime"":""Sep 27 11:10:39"",""host_name"":""promethus "",""sub_name"":""NetworkManager[791]"",""message"":""<info>  [1632712239.1833] dhcp4 (ens192):   gateway 192.168.100.1\"",\""tags\"":[\""beats_input_codec_plain_applied\""]}"",""_raw"":""{\""input\"":{\""type\"":\""log\""},\""agent\"":{\""id\"":\""8454f5b7-b6e1-414b-a804-beb6717fc6c4\"",\""type\"":\""filebeat\"",\""ephemeral_id\"":\""f32f567d-1c8d-4ee8-97fe-e07d094a88dd\"",\""hostname\"":\""promethus\"",\""version\"":\""7.4.0\""},\""ecs\"":{\""version\"":\""1.1.0\""},\""log\"":{\""file\"":{\""path\"":\""/var/log/messages\""},\""offset\"":36491},\""host\"":{\""name\"":\""promethus\""},\""message\"":\""Sep 27 11:10:39 promethus NetworkManager[791]: <info>  [1632712239.1833] dhcp4 (ens192):   gateway 192.168.100.1\"",\""tags\"":[\""beats_input_codec_plain_applied\""]}"",""datatype"":""centos_message""}
"
2021-09-27T11:10:47.125+08:00,"{""datetime"":""Sep 27 11:10:39"",""host_name"":""promethus "",""sub_name"":""NetworkManager[791]"",""message"":""<info>  [1632712239.1833] dhcp4 (ens192):   lease time 14400\"",\""tags\"":[\""beats_input_codec_plain_applied\""]}"",""_raw"":""{\""input\"":{\""type\"":\""log\""},\""agent\"":{\""id\"":\""8454f5b7-b6e1-414b-a804-beb6717fc6c4\"",\""type\"":\""filebeat\"",\""ephemeral_id\"":\""f32f567d-1c8d-4ee8-97fe-e07d094a88dd\"",\""hostname\"":\""promethus\"",\""version\"":\""7.4.0\""},\""ecs\"":{\""version\"":\""1.1.0\""},\""log\"":{\""file\"":{\""path\"":\""/var/log/messages\""},\""offset\"":36604},\""host\"":{\""name\"":\""promethus\""},\""message\"":\""Sep 27 11:10:39 promethus NetworkManager[791]: <info>  [1632712239.1833] dhcp4 (ens192):   lease time 14400\"",\""tags\"":[\""beats_input_codec_plain_applied\""]}"",""datatype"":""centos_message""}
"
2021-09-27T11:10:47.124+08:00,"{""datetime"":""Sep 27 11:10:39"",""host_name"":""promethus "",""sub_name"":""dbus[779]"",""message"":""[system] Activating via systemd: service name='org.freedesktop.nm_dispatcher' unit='dbus-org.freedesktop.nm-dispatcher.service'\"",\""tags\"":[\""beats_input_codec_plain_applied\""]}"",""_raw"":""{\""input\"":{\""type\"":\""log\""},\""agent\"":{\""id\"":\""8454f5b7-b6e1-414b-a804-beb6717fc6c4\"",\""type\"":\""filebeat\"",\""ephemeral_id\"":\""f32f567d-1c8d-4ee8-97fe-e07d094a88dd\"",\""hostname\"":\""promethus\"",\""version\"":\""7.4.0\""},\""ecs\"":{\""version\"":\""1.1.0\""},\""log\"":{\""file\"":{\""path\"":\""/var/log/messages\""},\""offset\"":36950},\""host\"":{\""name\"":\""promethus\""},\""message\"":\""Sep 27 11:10:39 promethus dbus[779]: [system] Activating via systemd: service name='org.freedesktop.nm_dispatcher' unit='dbus-org.freedesktop.nm-dispatcher.service'\"",\""tags\"":[\""beats_input_codec_plain_applied\""]}"",""datatype"":""centos_message""}
"
2021-09-27T11:10:47.124+08:00,"{""datetime"":""Sep 27 11:10:39"",""host_name"":""promethus "",""sub_name"":""dhclient[842]"",""message"":""DHCPACK from 192.168.100.1 (xid=0x47e1373d)\"",\""tags\"":[\""beats_input_codec_plain_applied\""]}"",""_raw"":""{\""input\"":{\""type\"":\""log\""},\""agent\"":{\""id\"":\""8454f5b7-b6e1-414b-a804-beb6717fc6c4\"",\""type\"":\""filebeat\"",\""ephemeral_id\"":\""f32f567d-1c8d-4ee8-97fe-e07d094a88dd\"",\""hostname\"":\""promethus\"",\""version\"":\""7.4.0\""},\""ecs\"":{\""version\"":\""1.1.0\""},\""log\"":{\""file\"":{\""path\"":\""/var/log/messages\""},\""offset\"":36177},\""host\"":{\""name\"":\""promethus\""},\""message\"":\""Sep 27 11:10:39 promethus dhclient[842]: DHCPACK from 192.168.100.1 (xid=0x47e1373d)\"",\""tags\"":[\""beats_input_codec_plain_applied\""]}"",""datatype"":""centos_message""}
"
2021-09-27T11:10:47.123+08:00,"{""datetime"":""Sep 27 11:10:39"",""host_name"":""promethus "",""sub_name"":""NetworkManager[791]"",""message"":""<info>  [1632712239.1827] dhcp4 (ens192):   address 192.168.100.58\"",\""tags\"":[\""beats_input_codec_plain_applied\""]}"",""_raw"":""{\""input\"":{\""type\"":\""log\""},\""agent\"":{\""id\"":\""8454f5b7-b6e1-414b-a804-beb6717fc6c4\"",\""type\"":\""filebeat\"",\""ephemeral_id\"":\""f32f567d-1c8d-4ee8-97fe-e07d094a88dd\"",\""hostname\"":\""promethus\"",\""version\"":\""7.4.0\""},\""ecs\"":{\""version\"":\""1.1.0\""},\""log\"":{\""file\"":{\""path\"":\""/var/log/messages\""},\""offset\"":36262},\""host\"":{\""name\"":\""promethus\""},\""message\"":\""Sep 27 11:10:39 promethus NetworkManager[791]: <info>  [1632712239.1827] dhcp4 (ens192):   address 192.168.100.58\"",\""tags\"":[\""beats_input_codec_plain_applied\""]}"",""datatype"":""centos_message""}
"
2021-09-27T11:10:47.123+08:00,"{""datetime"":""Sep 27 11:10:39"",""host_name"":""promethus "",""sub_name"":""dhclient[842]"",""message"":""bound to 192.168.100.58 -- renewal in 5662 seconds.\"",\""tags\"":[\""beats_input_codec_plain_applied\""]}"",""_raw"":""{\""input\"":{\""type\"":\""log\""},\""agent\"":{\""id\"":\""8454f5b7-b6e1-414b-a804-beb6717fc6c4\"",\""type\"":\""filebeat\"",\""ephemeral_id\"":\""f32f567d-1c8d-4ee8-97fe-e07d094a88dd\"",\""hostname\"":\""promethus\"",\""version\"":\""7.4.0\""},\""ecs\"":{\""version\"":\""1.1.0\""},\""log\"":{\""file\"":{\""path\"":\""/var/log/messages\""},\""offset\"":37115},\""host\"":{\""name\"":\""promethus\""},\""message\"":\""Sep 27 11:10:39 promethus dhclient[842]: bound to 192.168.100.58 -- renewal in 5662 seconds.\"",\""tags\"":[\""beats_input_codec_plain_applied\""]}"",""datatype"":""centos_message""}
"
2021-09-27T11:03:02.123+08:00,"{""datetime"":""Sep 27 11:02:53"",""host_name"":""promethus "",""sub_name"":""systemd-logind"",""message"":""Removed session 2987.\"",\""tags\"":[\""beats_input_codec_plain_applied\""]}"",""_raw"":""{\""input\"":{\""type\"":\""log\""},\""agent\"":{\""id\"":\""8454f5b7-b6e1-414b-a804-beb6717fc6c4\"",\""type\"":\""filebeat\"",\""ephemeral_id\"":\""f32f567d-1c8d-4ee8-97fe-e07d094a88dd\"",\""hostname\"":\""promethus\"",\""version\"":\""7.4.0\""},\""ecs\"":{\""version\"":\""1.1.0\""},\""log\"":{\""file\"":{\""path\"":\""/var/log/messages\""},\""offset\"":36008},\""host\"":{\""name\"":\""promethus\""},\""message\"":\""Sep 27 11:02:53 promethus systemd-logind: Removed session 2987.\"",\""tags\"":[\""beats_input_codec_plain_applied\""]}"",""datatype"":""centos_message""}
"
2021-09-27T11:03:02.122+08:00,"{""datetime"":""Sep 27 11:02:53"",""host_name"":""promethus "",""sub_name"":""systemd-logind"",""message"":""New session 2987 of user root.\"",\""tags\"":[\""beats_input_codec_plain_applied\""]}"",""_raw"":""{\""input\"":{\""type\"":\""log\""},\""agent\"":{\""id\"":\""8454f5b7-b6e1-414b-a804-beb6717fc6c4\"",\""type\"":\""filebeat\"",\""ephemeral_id\"":\""f32f567d-1c8d-4ee8-97fe-e07d094a88dd\"",\""hostname\"":\""promethus\"",\""version\"":\""7.4.0\""},\""ecs\"":{\""version\"":\""1.1.0\""},\""log\"":{\""file\"":{\""path\"":\""/var/log/messages\""},\""offset\"":35865},\""host\"":{\""name\"":\""promethus\""},\""message\"":\""Sep 27 11:02:53 promethus systemd-logind: New session 2987 of user root.\"",\""tags\"":[\""beats_input_codec_plain_applied\""]}"",""datatype"":""centos_message""}
"
2021-09-27T11:03:02.122+08:00,"{""datetime"":""Sep 27 11:02:53"",""host_name"":""promethus "",""sub_name"":""systemd"",""message"":""Started Session 2987 of user root.\"",\""tags\"":[\""beats_input_codec_plain_applied\""]}"",""_raw"":""{\""input\"":{\""type\"":\""log\""},\""agent\"":{\""id\"":\""8454f5b7-b6e1-414b-a804-beb6717fc6c4\"",\""ephemeral_id\"":\""f32f567d-1c8d-4ee8-97fe-e07d094a88dd\"",\""hostname\"":\""promethus\"",\""type\"":\""filebeat\"",\""version\"":\""7.4.0\""},\""ecs\"":{\""version\"":\""1.1.0\""},\""log\"":{\""file\"":{\""path\"":\""/var/log/messages\""},\""offset\"":35938},\""host\"":{\""name\"":\""promethus\""},\""message\"":\""Sep 27 11:02:53 promethus systemd: Started Session 2987 of user root.\"",\""tags\"":[\""beats_input_codec_plain_applied\""]}"",""datatype"":""centos_message""}
"
2021-09-27T10:58:32.129+08:00,"{""datetime"":""Sep 27 11:01:01"",""host_name"":""promethus "",""sub_name"":""systemd"",""message"":""Started Session 2985 of user root.\"",\""tags\"":[\""beats_input_codec_plain_applied\""]}"",""_raw"":""{\""input\"":{\""type\"":\""log\""},\""agent\"":{\""id\"":\""8454f5b7-b6e1-414b-a804-beb6717fc6c4\"",\""type\"":\""filebeat\"",\""ephemeral_id\"":\""f32f567d-1c8d-4ee8-97fe-e07d094a88dd\"",\""hostname\"":\""promethus\"",\""version\"":\""7.4.0\""},\""ecs\"":{\""version\"":\""1.1.0\""},\""log\"":{\""file\"":{\""path\"":\""/var/log/messages\""},\""offset\"":35795},\""host\"":{\""name\"":\""promethus\""},\""message\"":\""Sep 27 11:01:01 promethus systemd: Started Session 2985 of user root.\"",\""tags\"":[\""beats_input_codec_plain_applied\""]}"",""datatype"":""centos_message""}
"
